warning: file `/home/matmus/biscuit-linux/projects/tethers/tethers-0.1/host-rust/src/main.rs` found to be present in multiple build targets:
  * `bin` target `tethers`
  * `bin` target `tethers-reference-host`
warning: unused import: `std::fs::File`
  --> src/child_process.rs:10:5
   |
10 | use std::fs::File;
   |     ^^^^^^^^^^^^^
   |
   = note: `#[warn(unused_imports)]` (part of `#[warn(unused)]`) on by default

warning: unused imports: `reject_reparse` and `verify_chain`
  --> src/installation_execution.rs:12:23
   |
12 | use crate::m3_store::{reject_reparse, verify_chain, M3Error, Result};
   |                       ^^^^^^^^^^^^^^  ^^^^^^^^^^^^

warning: unused import: `std::cell::RefCell`
  --> src/replay_runtime.rs:60:5
   |
60 | use std::cell::RefCell;
   |     ^^^^^^^^^^^^^^^^^^

warning: unused import: `std::rc::Rc`
  --> src/replay_runtime.rs:61:5
   |
61 | use std::rc::Rc;
   |     ^^^^^^^^^^^

warning: variable does not need to be mutable
   --> src/agent_core.rs:224:9
    |
224 |     let mut value = path.to_string_lossy().replace('\\', "/");
    |         ----^^^^^
    |         |
    |         help: remove this `mut`
    |
    = note: `#[warn(unused_mut)]` (part of `#[warn(unused)]`) on by default

warning: unused variable: `root`
   --> src/application.rs:819:57
    |
819 |             command: Some(CliCommand::ProvisionReplay { root }),
    |                                                         ^^^^ help: try ignoring the field: `root: _`
    |
    = note: `#[warn(unused_variables)]` (part of `#[warn(unused)]`) on by default

warning: function `create_job_object` is never used
    --> src/child_process.rs:1192:4
     |
1192 | fn create_job_object(
     |    ^^^^^^^^^^^^^^^^^
     |
     = note: `#[warn(dead_code)]` (part of `#[warn(unused)]`) on by default

warning: function `create_junction` is never used
    --> src/execution_environment.rs:1094:8
     |
1094 |     fn create_junction(link: &Path, target: &Path) -> Result<(), String> {
     |        ^^^^^^^^^^^^^^^

warning: function `broad_permissions` is never used
    --> src/execution_environment.rs:1122:8
     |
1122 |     fn broad_permissions() -> PermissionScopes {
     |        ^^^^^^^^^^^^^^^^^

warning: function `resolve_pwsh` is never used
    --> src/execution_environment.rs:1979:8
     |
1979 |     fn resolve_pwsh() -> Option<String> {
     |        ^^^^^^^^^^^^

warning: function `powershell_launch_environment` is never used
    --> src/execution_environment.rs:1998:8
     |
1998 |     fn powershell_launch_environment() -> BTreeMap<String, String> {
     |        ^^^^^^^^^^^^^^^^^^^^^^^^^^^^^

warning: `tethers-reference-host` (lib) generated 7 warnings (run `cargo fix --lib -p tethers-reference-host` to apply 6 suggestions)
warning: `tethers-reference-host` (lib test) generated 11 warnings (7 duplicates)
warning: function `host_binary` is never used
  --> tests/j24l2_plug_install_cli.rs:10:4
   |
10 | fn host_binary() -> PathBuf {
   |    ^^^^^^^^^^^
   |
   = note: `#[warn(dead_code)]` (part of `#[warn(unused)]`) on by default

warning: function `temp_dir` is never used
  --> tests/j24l2_plug_install_cli.rs:24:4
   |
24 | fn temp_dir(name: &str) -> PathBuf {
   |    ^^^^^^^^

warning: function `run` is never used
  --> tests/j24l2_plug_install_cli.rs:28:4
   |
28 | fn run(args: Vec<OsString>) -> (i32, serde_json::Value) {
   |    ^^^

warning: function `write_package` is never used
  --> tests/j24l2_plug_install_cli.rs:50:4
   |
50 | fn write_package(root: &Path, name: &str) -> PathBuf {
   |    ^^^^^^^^^^^^^

warning: function `wrap_args` is never used
  --> tests/j24l2_plug_install_cli.rs:63:4
   |
63 | fn wrap_args(args: &[&str]) -> Vec<OsString> {
   |    ^^^^^^^^^

warning: function `sha256` is never used
  --> tests/j24l2_plug_install_cli.rs:67:4
   |
67 | fn sha256(bytes: &[u8]) -> String {
   |    ^^^^^^

warning: function `conformance_snapshot` is never used
  --> tests/j24l2_plug_install_cli.rs:71:4
   |
71 | fn conformance_snapshot(root: &Path) -> BTreeMap<String, String> {
   |    ^^^^^^^^^^^^^^^^^^^^

warning: `tethers-reference-host` (test "j24l2_plug_install_cli") generated 7 warnings
    Finished `test` profile [unoptimized + debuginfo] target(s) in 0.07s
     Running unittests src/lib.rs (target/debug/deps/tethers_reference_host-cb872703cc453f6b)

running 1507 tests
test agent_coding::tests::branch_and_revision_validation_refuse_flag_injection ... ok
test agent_coding::tests::argv_process_does_not_allow_program_or_cwd_escape ... ok
test agent_coding::tests::verification_rejects_unknown_check_without_command_input ... ok
test agent_workspace::tests::exact_replace_refuses_unexpected_match_count ... ok
test agent_workspace::tests::hash_accepts_bounded_empty_text ... ok
test agent_workspace::tests::hash_verify_reports_mismatch_without_claiming_success ... ok
test agent_workspace::tests::listing_is_sorted_and_stat_is_typed ... ok
test agent_workspace::tests::patch_refuses_malformed_and_unrelated_files ... ok
test agent_workspace::tests::patch_requires_exact_context_and_base_digest ... ok
test agent_workspace::tests::read_refuses_invalid_utf8_and_oversized_content ... ok
test agent_workspace::tests::traversal_is_rejected_before_filesystem_access ... ok
test application::tests::ask_policy_produces_zero_effect_calls ... ok
test application::tests::additional_property_fails_validation ... ok
test application::tests::additional_property_allowed_when_schema_permits_it ... ok
test application::tests::authorise_and_execute_writes_failed_outcome ... ok
test application::tests::authorise_and_execute_success_path ... ok
test application::tests::capability_mismatch_rejected_by_authorise_and_execute_without_bridge_pins ... ok
test application::tests::conforming_output_passes_validation_and_succeeds ... ok
test application::tests::deny_policy_produces_zero_effect_calls ... ok
test application::tests::executor_provider_identity_matches_resolved ... ok
test application::tests::authorise_and_execute_writes_succeeded_outcome ... ok
test application::tests::execution_does_not_append_second_intent_record ... ok
test application::tests::executor_error_is_not_replaced_by_validation ... ok
test application::tests::incomplete_or_invalid_bridge_pins_fail_closed_before_dispatch ... ok
test agent_coding::tests::process_returns_structured_bounded_result ... ok
test application::tests::intent_contains_no_outcome_or_result_anchor ... ok
test application::tests::intent_flush_failure_produces_zero_executor_calls ... ok
test application::tests::intent_write_failure_produces_zero_executor_calls ... ok
test application::tests::failing_executor_produces_action_failed ... ok
test application::tests::j05_fresh_deny_invalidates_and_never_dispatches ... ok
test application::tests::executor_receives_exact_recorded_arguments ... ok
test application::tests::j05_human_denial_and_cancellation_are_terminal_without_dispatch ... ok
test application::tests::j10_child_during_first_sibling_goes_behind_second_sibling ... ok
test application::tests::j10_coordinator_stops_on_error_without_reinsert_or_retry ... ok
test application::tests::j10_failed_item_is_not_retried ... ok
test application::tests::j05_authorisation_trail_write_failures_leave_no_usable_approval ... ok
test application::tests::j10_follow_up_evaluation_id_distinct_for_distinct_event_ids ... ok
test application::tests::j10_follow_up_evaluation_id_is_deterministic ... ok
test application::tests::j10_follow_up_reporting_preserves_dequeue_order ... ok
test application::tests::j10_follow_up_request_clears_external_facts ... ok
test application::tests::j10_follow_up_request_event_data_is_direct_anchor_facts ... ok
test application::tests::j10_follow_up_request_installs_deterministic_evaluation_id ... ok
test application::tests::j10_follow_up_request_leaves_pristine_template_unchanged ... ok
test application::tests::j10_follow_up_request_maps_event_id ... ok
test application::tests::j10_follow_up_request_maps_event_name ... ok
test application::tests::j10_follow_up_request_preserves_tether_and_capability_configuration ... ok
test application::tests::j10_initial_event_completes_before_draining_with_no_anchor ... ok
test agent_workspace::tests::search_supports_explicit_literal_and_regex_modes ... ok
test application::tests::j10_generation_overflow_enqueues_nothing ... ok
test application::tests::j10_maximum_active_processing_depth_is_one ... ok
test application::tests::j10_queued_processing_error_stops_later_events ... ok
test application::tests::j06_j13b_deadline_before_invocation_is_unattempted_without_provider_call ... ok
test application::tests::j10_process_one_event_does_not_recursively_invoke_itself ... ok
test application::tests::j10_second_generation_anchor_causation_is_first_result_anchor_event_id ... ok
test application::tests::j06_outcome_audit_failure_keeps_uncertainty_but_withholds_anchor ... ok
test application::tests::j11_clean_unique_follow_up_evaluated_normally ... ok
test application::tests::j06_legacy_string_error_is_uncertain_not_known_provider_failure ... ok
test application::tests::j11_depth_rejection_json_exact_shape ... ok
test application::tests::j11_clean_run_omits_rejection_field ... ok
test application::tests::j11_completed_follow_ups_preserved_before_rejection ... ok
test application::tests::j11_duplicate_rejection_json_exact_shape ... ok
test application::tests::j10_two_queued_siblings_remain_fifo ... ok
test application::tests::j06_response_observed_at_deadline_is_uncertain_even_when_provider_succeeds ... ok
test application::tests::j06_j13b_remaining_deadline_reaches_provider_adapter_exactly ... ok
test application::tests::j11_generation_above_nine_not_evaluated ... ok
test application::tests::j11_duplicate_sibling_not_evaluated_twice ... ok
test application::tests::j11_fifo_child_appended_during_drain ... ok
test application::tests::j11_generation_eight_evaluated ... ok
test application::tests::j05_production_seam_consumes_exact_approved_fixture_before_intent ... ok
test application::tests::j11_initial_event_admitted_before_processing ... ok
test application::tests::j11_generation_nine_not_evaluated ... ok
test application::tests::j11_max_evaluation_generation_is_eight ... ok
test application::tests::j11_packet3_clean_gen1_then_gen8 ... ok
test application::tests::j11_packet3_causal_depth_exact_output ... ok
test application::tests::j11_packet3_duplicate_initial_exact_output ... ok
test application::tests::j10_production_no_env_var_bypass ... ok
test application::tests::j11_packet3_invalid_scenario_and_argument_counts_fail_closed ... ok
test application::tests::j11_packet3_duplicate_sibling_preserves_first_completion ... ok
test application::tests::j11_packet4_accepted_trail_write_failure_stops_before_eval ... ok
test application::tests::j11_packet4_accepted_entry_exact_fields ... ok
test application::tests::j11_packet4_depth_rejection_exact_fields ... ok
test application::tests::j11_packet4_depth_rejection_recorded_and_gen9_not_evaluated ... ok
test agent_coding::tests::git_refuses_a_scope_inside_a_parent_repository ... ok
test application::tests::j11_packet4_duplicate_rejection_exact_fields ... ok
test application::tests::j11_packet4_duplicate_rejection_recorded_and_later_untouched ... ok
test application::tests::j10_initial_to_a_to_b_chain ... ok
test application::tests::j11_packet4_initial_admitted_before_evaluation ... ok
test application::tests::j11_packet4_queued_admitted_before_evaluation ... ok
test application::tests::j11_packet4_recording_trail_captures_event_entries ... ok
test application::tests::j11_packet4_rejected_trail_write_failure_stops_before_eval ... ok
test application::tests::j11_admission_persists_when_evaluation_fails ... ok
test application::tests::j11_queued_event_reusing_initial_id_rejected ... ok
test application::tests::j11_rejected_event_causes_zero_processing ... ok
test application::tests::j11_rejection_never_enters_evaluation_callback ... ok
test application::tests::j11_rejection_produces_no_anchor ... ok
test application::tests::j11_rejection_stops_later_siblings ... ok
test application::tests::j13a_relative_trail_path_rejected ... ok
test application::tests::j14a_audit_failure_carries_trusted_id ... ok
test application::tests::j14a_audit_failure_without_id_is_none ... ok
test application::tests::j14a_direct_result_construction_requires_no_json ... ok
test application::tests::j13a_absolute_trail_path_accepted ... ok
test application::tests::j14a_execution_id_passes_replay_parse ... ok
test application::tests::j14a_planner_fake_execution_id_stripped ... ok
test application::tests::j14a_response_execution_status_does_not_alter_typed_outcome ... ok
test application::tests::j14a_result_anchor_contains_no_execution_id ... ok
test application::tests::j11_provider_call_count_unchanged_after_gate_rejection ... ok
test application::tests::p4b_lifecycle::p4b_crash_matrix_has_one_explicit_entry_for_each_consequential_boundary ... ok
test application::tests::mock_execution_is_idempotent ... ok
test application::tests::p4b_lifecycle::p4b_outcome_delivery_recovers_exactly_across_restart_without_provider_access ... ok
test application::tests::multiple_actions_rejected ... ok
test application::tests::j14b_post_admission_intent_failure_retains_id ... ok
test application::tests::no_result_anchor_on_ask ... ok
test application::tests::no_result_anchor_on_deny ... ok
test application::tests::no_result_anchor_on_capability_mismatch ... ok
test application::tests::missing_required_output_field_fails_validation ... ok
test application::tests::planner_version_mapping_is_explicit_and_strict ... ok
test application::tests::no_result_anchor_on_provider_identity_mismatch ... ok
test application::tests::no_result_anchor_on_intent_flush_failure ... ok
test application::tests::no_result_anchor_on_intent_write_failure ... ok
test application::tests::outcome_write_audit_failure_after_executor_error_withholds_failed_anchor ... ok
test application::tests::no_result_anchor_on_unavailable ... ok
test application::tests::outcome_write_failure_after_success_preserves_status_and_audits ... ok
test application::tests::outcome_write_failure_after_failure_preserves_status_and_audits ... ok
test application::tests::outcome_write_audit_failure_withholds_result_anchor ... ok
test application::tests::p2_guard_rejection_is_after_intent_and_before_provider ... ok
test application::tests::p2_intent_failure_prevents_guard_and_provider_calls ... ok
test application::tests::p2_guard_admission_reaches_existing_provider_boundary_once ... ok
test application::tests::p4a_guard_and_outcome_use_one_replay_execution_identity ... ok
test application::tests::p4b_lifecycle::p4b_old_replay_state_cannot_reuse_admission_after_restart ... ok
test application::tests::replay_runtime_integration::j09_j13b_ask_makes_zero_replay_admissions_and_provider_calls ... ok
test application::tests::repeated_prepare_and_execute_is_deterministic ... ok
test application::tests::p4b_lifecycle::p4b_serial_happy_path_preserves_authority_order_and_effect_count ... ok
test application::tests::j06_j13b_malformed_eof_and_timeout_diagnostics_are_uncertain ... ok
test application::tests::provider_identity_mismatch_rejected ... ok
test application::tests::projection_injected_into_request_capabilities ... ok
test application::tests::ready_token_carries_resolved_identity ... ok
test application::tests::replay_runtime_integration::j09_runtime_01_cli_accepts_one_absolute_host_data_root ... FAILED
test application::tests::replay_runtime_integration::j09_runtime_02_cli_rejects_duplicate_host_data_root ... FAILED
test application::tests::replay_runtime_integration::j09_runtime_03_cli_rejects_missing_host_data_root_value ... ok
test application::tests::replay_runtime_integration::j09_runtime_04_cli_rejects_relative_host_data_root ... ok
test application::tests::replay_runtime_integration::j09_runtime_05_cli_rejects_unknown_options ... ok
test application::tests::permission_for_capability_a_cannot_authorise_capability_b ... ok
test application::tests::p4b_lifecycle::p4b_failed_and_uncertain_provider_truth_remains_durable_and_distinct ... ok
test application::tests::j14b_failed_and_uncertain_result_anchor_kinds ... ok
test application::tests::replay_runtime_integration::j09_runtime_08_unavailable_never_opens_replay_authority ... ok
test application::tests::replay_runtime_integration::j09_j13b_recovered_failure_maps_exactly_with_zero_calls ... ok
test application::tests::replay_runtime_integration::j09_j13b_recovered_g1_is_manual_only_with_zero_calls ... ok
test application::tests::replay_runtime_integration::j09_j13b_recovered_g0_is_manual_only_with_zero_calls ... ok
test application::tests::replay_runtime_integration::j09_j13b_recovered_claim_is_manual_only_with_zero_calls ... ok
test application::tests::replay_runtime_integration::j09_j13b_recovered_uncertain_is_manual_only_with_zero_calls ... ok
test application::tests::replay_runtime_integration::j09_j13b_explicit_provider_failure_is_failed_with_exact_order ... ok
test application::tests::replay_runtime_integration::j09_j13b_terminal_replay_publication_failure_is_not_completed ... ok
test application::tests::replay_runtime_integration::j09_runtime_07_deny_never_opens_replay_authority ... ok
test application::tests::replay_runtime_integration::j09_runtime_21_approval_consumption_failure_leaves_claim_only ... ok
test application::tests::replay_runtime_integration::j09_runtime_16_admission_failure_maps_only_to_persistence_unavailable ... ok
test application::tests::replay_runtime_integration::j09_runtime_09_allow_without_root_is_persistence_unavailable ... ok
test application::tests::replay_runtime_integration::j09_runtime_17_success_has_the_exact_observable_order ... ok
test application::tests::replay_runtime_integration::j09_j13b_binding_uses_anchor_event_and_exact_planner_ids ... ok
test application::tests::replay_runtime_integration::j09_runtime_22_g0_failure_prevents_intent_and_provider ... ok
test application::tests::replay_runtime_integration::j09_runtime_19_uncertain_has_outcome_g2_anchor_order ... ok
test application::tests::replay_runtime_integration::j09_runtime_20_approved_ask_consumes_between_claim_and_g0 ... ok
test application::tests::replay_runtime_integration::j09_runtime_23_trail_intent_failure_leaves_g0_and_zero_calls ... ok
test application::tests::replay_runtime_integration::j09_j13b_recovered_success_maps_exactly_with_zero_calls ... ok
test application::tests::replay_runtime_integration::j09_runtime_24_deadline_expiry_leaves_g0_and_zero_calls ... ok
test application::tests::replay_runtime_integration::j09_runtime_36_unmatched_response_never_enters_replay_routing ... ok
test application::tests::replay_runtime_integration::j09_runtime_38_trail_and_replay_roots_remain_explicitly_distinct ... FAILED
test application::tests::replay_runtime_integration::j09_runtime_25_g1_failure_prevents_provider ... ok
test application::tests::replay_runtime_integration::j09_runtime_26_success_outcome_write_failure_leaves_g1 ... ok
test application::tests::replay_runtime_integration::j09_runtime_28_uncertain_outcome_write_failure_leaves_g1 ... ok
test application::tests::replay_runtime_integration::j09_runtime_27_failure_outcome_write_failure_leaves_g1 ... ok
test approval::tests::approved_record_rejects_each_independently_changed_proof_field ... ok
test approval::tests::consume_is_one_shot_and_requires_full_proof ... ok
test approval::tests::records_are_distinct_and_terminal_records_are_not_pending ... ok
test application::tests::replay_runtime_integration::j09_runtime_37_fresh_ask_creates_pending_approval_and_zero_claims ... ok
test approval::tests::deterministic_proof_includes_every_field_and_excludes_arguments ... ok
test application::tests::replay_runtime_integration::j09_runtime_31_guard_is_held_at_provider_boundary ... ok
test candidate::tests::registry_roots_must_remain_separate ... ok
test application::tests::replay_runtime_integration::j09_runtime_35_ordinary_allow_consumes_no_approval ... ok
test candidate::tests::preexisting_staging_target_and_escape_destination_fail_closed_without_write ... ok
test application::tests::replay_runtime_integration::j09_runtime_30_anchor_failure_leaves_g2_without_retry ... ok
test candidate::tests::torn_temporary_record_fails_closed ... ok
test candidate_preparation::tests::cleanup_preserves_non_empty_roots ... ok
test candidate_preparation::tests::cleanup_preserves_pre_existing_roots ... ok
test candidate_preparation::tests::host_data_root_validation_rejects_relative_path ... ok
test candidate_preparation::tests::cleanup_removes_newly_created_empty_roots ... ok
test candidate_preparation::tests::is_empty_dir_fails_on_unreadable_path ... ok
test application::tests::unavailable_produces_zero_effect_calls ... ok
test application::tests::replay_runtime_integration::j09_runtime_34_argument_digest_binds_complete_resolved_arguments ... ok
test candidate_preparation::tests::ordinary_file_validation_rejects_missing_file ... ok
test candidate_preparation::tests::ordinary_file_validation_rejects_relative_path ... ok
test application::tests::result_anchor_executor_error_integration ... ok
test application::tests::result_anchor_success_integration ... ok
test application::tests::zero_actions_rejected ... ok
test application::tests::schema_read_from_verified_manifest_not_hard_coded ... ok
test candidate_preparation::tests::rollback_refuses_directory_outside_quarantine_root ... ok
test application::tests::validation_failure_with_outcome_write_failure_audits ... ok
test candidate_preparation::tests::rollback_refuses_quarantine_root_itself ... ok
test application::tests::result_anchor_validation_failure_integration ... ok
test application::tests::replay_runtime_integration::j09_runtime_39_approved_ask_missing_root_consumes_zero_approvals ... ok
test check_command::tests::j13a_canonical_success_data_contains_config_tethers_and_providers ... ok
test check_command::tests::j13a_capability_mismatch_preserves_available_and_unavailable_entries ... ok
test application::tests::wrong_property_type_fails_validation ... ok
test candidate_preparation::tests::rollback_removes_quarantine_directory_preserves_everything_else ... ok
test candidate::tests::filename_disagreement_and_duplicate_identity_evidence_fail_closed ... ok
test check_command::tests::j13a_fail_returns_matching_status_and_exit ... ok
test check_command::tests::j13a_interrupt_flag_works ... ok
test check_command::tests::j13a_interruption_preserves_completed_evidence_and_uses_interrupted_10 ... ok
test check_command::tests::j13a_every_partial_failure_envelope_exit_matches_check_result ... ok
test check_command::tests::j13a_invalid_first_tether_preserves_failed_tether_and_no_providers ... ok
test check_command::tests::j13a_later_provider_failure_preserves_earlier_successful_provider ... ok
test candidate::tests::candidate_record_golden_fixture_is_strict_and_covered ... ok
test check_command::tests::j13a_provider_initialize_failure_preserves_failed_provider_evidence ... ok
test check_command::tests::j13a_provider_launch_failure_preserves_all_tether_evidence ... ok
test check_command::tests::j13a_invalid_later_tether_preserves_earlier_valid_tethers ... ok
test check_command::tests::j13a_tools_list_failure_preserves_failed_provider_evidence ... ok
test application::tests::replay_runtime_integration::j09_runtime_40_recovered_approved_ask_consumes_zero_additional_approvals ... ok
test child_process::tests::interrupt_observation_window_terminates_at_its_bound ... ok
test child_process::tests::interrupted_is_returned_when_visible_at_stdout_disconnect ... ok
test child_process::tests::interrupted_is_returned_when_visible_shortly_after_stdout_disconnect ... ok
test application::tests::stale_plan_digest_fails_closed_before_dispatch ... ok
test application::tests::replay_runtime_integration::j09_runtime_41_storage_path_and_diagnostics_never_reach_public_response ... ok
test child_process::tests::j13a_interrupt_flag_set_and_read ... ok
test child_process::tests::ordinary_process_exit_remains_process_exited_without_interruption ... ok
test cli::tests::j13a_envelope_no_timestamp ... ok
test cli::tests::j13a_envelope_status_match_exit ... ok
test application::tests::replay_runtime_integration::j09_runtime_32_guard_is_held_during_successful_and_failed_anchor_write ... ok
test cli::tests::j13a_duplicate_config_rejected ... ok
test cli::tests::j13a_duplicate_engine_rejected ... ok
test cli::tests::j13a_equal_sign_accepted ... ok
test cli::tests::j13a_explicit_legacy ... ok
test cli::tests::j13a_extra_positional_rejected ... ok
test cli::tests::j13a_missing_engine_rejected ... ok
test cli::tests::j13a_missing_config_rejected ... ok
test cli::tests::j13a_hidden_not_in_help ... ok
test cli::tests::j13a_misspelled_runn_rejected ... ok
test cli::tests::j13a_no_command ... ok
test cli::tests::j13a_provision_replay_missing_root_rejected ... ok
test cli::tests::j13a_provision_replay_extra_positional_rejected ... ok
test cli::tests::j13a_status_exit_code_consistent ... ok
test cli::tests::j13a_provision_replay_valid_parse ... ok
test cli::tests::agent_essentials_discovery_commands_parse_strictly ... ok
test cli::tests::j13a_provision_replay_unknown_option_rejected ... ok
test cli::tests::j13a_reordered_options ... ok
test cli::tests::j13a_unknown_command_rejected ... ok
test cli::tests::j13a_unknown_subcommand_remains_rejected ... ok
test cli::tests::j13a_unknown_option_rejected ... ok
test cli::tests::j13a_valid_check_command ... ok
test cli::tests::j13c_duplicate_execution_id_rejected ... ok
test cli::tests::j13b_run_public_command_requires_its_five_options ... ok
test cli::tests::j13c_duplicate_trail_rejected ... ok
test cli::tests::j13c_missing_trail_rejected ... ok
test cli::tests::j13c_missing_execution_id_rejected ... ok
test cli::tests::j13c_trail_reordered_options ... ok
test cli::tests::j13c_unknown_trail_option_rejected ... ok
test cli::tests::j13c_valid_trail_command ... ok
test application::tests::p4b_lifecycle::p4b_replay_and_trail_faults_fail_closed_with_at_most_one_effect ... ok
test cli::tests::j24b_plug_list_syntax_is_strict ... ok
test cli::tests::j24a_plug_inspect_syntax_is_strict ... ok
test cli::tests::plan_command_requires_its_four_options ... ok
test cli::tests::j24f_plug_stage_syntax_is_strict ... ok
test cli::tests::j24c_plug_disable_syntax_is_strict ... ok
test cli::tests::v05_preview_command_parses_without_execution_options ... ok
test cli::tests::v05_trail_receipt_flag_parses ... ok
test cli::tests::p2a_plug_pack_syntax_is_strict ... ok
test cli::tests::j24d_plug_enable_syntax_is_strict ... ok
test cli::tests::p2b_plug_conform_syntax_is_strict ... ok
test configured_runtime::tests::c3_a4_prepared_runtime_default_materialises_as_two ... ok
test configured_runtime::tests::core9a_t1_prepare_no_core_env ... ok
test configured_runtime::tests::core9a_t13_no_env_no_json ... ok
test configured_runtime::tests::core9a_t12_exact_json_projection ... ok
test configured_runtime::tests::c3_a4_prepared_runtime_explicit_value_materialises ... ok
test configured_runtime::tests::core9a_adversarial_no_derivation ... ok
test configured_runtime::tests::core9a_t14_serializer_preserves_order ... ok
test configured_runtime::tests::core9a_t3_program_id_not_derived_prepare ... ok
test configured_runtime::tests::core9a_t2_prepare_explicit_environment ... ok
test configured_runtime::tests::core9a_t4_capability_identities_prepare ... ok
test configured_runtime::tests::core9a_t5_contract_digest_not_manifest ... ok
test configured_runtime::tests::j12_packet2_absolute_resource_scope_not_established ... ok
test configured_runtime::tests::core9a_t6_fact_identities_prepare ... ok
test configured_runtime::tests::j12_packet2_accessors_correct ... ok
test configured_runtime::tests::j12_packet2_allowed_prefix_bare_valid ... ok
test configured_runtime::tests::j12_packet2_allowed_prefix_root_slash_rejected ... ok
test configured_runtime::tests::j12_packet2_allowed_prefix_trailing_slash_valid ... ok
test configured_runtime::tests::j12_packet2_allowed_prefix_double_slash_rejected ... ok
test configured_runtime::tests::j12_packet2_digest_mismatch_scope_not_established ... ok
test configured_runtime::tests::j12_packet2_directory_as_tether_source_fails ... ok
test configured_runtime::tests::j12_packet2_empty_tether_source_fails ... ok
test configured_runtime::tests::j12_packet2_invalid_manifest_fails ... ok
test configured_runtime::tests::core9a_t7_all_scalar_types_prepare ... ok
test configured_runtime::tests::j12_packet2_input_schema_ordering_deterministic ... ok
test configured_runtime::tests::j12_packet2_manifest_path_escape_fails ... ok
test configured_runtime::tests::j12_packet2_invalid_allowed_prefix_fails ... ok
test configured_runtime::tests::j12_packet2_exact_source_text_retained ... ok
test configured_runtime::tests::j12_packet2_missing_inroot_asset_returns_not_found ... ok
test configured_runtime::tests::j12_packet2_missing_manifest_fails ... ok
test configured_runtime::tests::j12_packet2_manifest_admission_populates_store ... ok
test configured_runtime::tests::j12_packet2_json_pointer_escaping_works ... ok
test configured_runtime::tests::j12_packet2_nonexistent_dotdot_escape_returns_outside_root ... ok
test configured_runtime::tests::j12_packet2_missing_tether_source_fails ... ok
test configured_runtime::tests::j12_packet2_manifest_version_mismatch_fails ... ok
test configured_runtime::tests::j12_packet2_missing_pointer_scope_not_established ... ok
test configured_runtime::tests::j12_packet2_no_side_effects_during_preparation ... ok
test configured_runtime::tests::j12_packet2_nested_relative_asset_succeeds ... ok
test configured_runtime::tests::j12_packet2_nul_byte_in_tether_rejected ... ok
test configured_runtime::tests::j12_packet2_manifest_name_mismatch_fails ... ok
test configured_runtime::tests::j12_packet2_nonstring_pointer_scope_not_established ... ok
test configured_runtime::tests::j12_packet2_path_outside_prefix_returns_violation ... ok
test configured_runtime::tests::j12_packet2_path_within_prefix_returns_within_scope ... ok
test configured_runtime::tests::j12_packet2_pathprefix_requires_scope_binding ... ok
test configured_runtime::tests::j12_packet2_pinned_digest_mismatch_fails ... ok
test configured_runtime::tests::j12_packet2_planner_descriptors_deterministic_pin_free ... ok
test configured_runtime::tests::j12_packet2_pointer_array_index_01_rejected ... ok
test configured_runtime::tests::j12_packet2_pointer_tilde_2_rejected ... ok
test configured_runtime::tests::j12_packet2_pointer_array_index_0_works ... ok
test configured_runtime::tests::j12_packet2_pointer_array_oob_returns_not_established ... ok
test configured_runtime::tests::j12_packet2_pointer_array_index_plus_1_rejected ... ok
test configured_runtime::tests::j12_packet2_pointer_trailing_tilde_rejected ... ok
test configured_runtime::tests::j12_packet2_planner_descriptors_sorted ... ok
test configured_runtime::tests::j12_packet2_pointer_slash_escape_accesses_key_with_slash ... ok
test configured_runtime::tests::j12_packet2_pointer_tilde_escape_accesses_key_with_tilde ... ok
test configured_runtime::tests::j12_packet2_provider_identity_mismatch_fails ... ok
test configured_runtime::tests::j12_packet2_prepared_capabilities_accessor ... ok
test configured_runtime::tests::j12_packet2_provider_launch_plan_literal ... ok
test configured_runtime::tests::j12_packet2_provider_working_directory ... ok
test configured_runtime::tests::j12_packet2_provider_mismatch_scope_not_established ... ok
test configured_runtime::tests::j12_packet2_repository_scope_fails_closed ... ok
test configured_runtime::tests::j12_packet2_source_path_escape_fails ... ok
test configured_runtime::tests::j12_packet2_tether_material_exact ... ok
test configured_runtime::tests::j12_packet2_tether_order_preserved ... ok
test configured_runtime::tests::j12_packet2_sibling_prefix_no_match ... ok
test configured_runtime::tests::j12_packet2_tether_material_oob_none ... ok
test configured_runtime::tests::j12_packet2_same_name_different_versions_valid ... ok
test configured_runtime::tests::j12_packet2_unrestricted_action_within_scope ... ok
test configured_runtime::tests::j12_packet2_traversal_segment_scope_not_established ... ok
test configured_runtime::tests::j12_packet2_whitespace_only_tether_rejected ... ok
test configured_runtime::tests::j12_packet2_unrestricted_rejects_scope_binding ... ok
test configured_runtime::tests::j12_packet2_unsupported_planner_schema_fails ... ok
test configured_runtime::tests::j12_packet2_valid_runtime_preparation_succeeds ... ok
test configured_runtime::tests::p1_preparation_rejects_missing_or_stale_approval ... ok
test current_trust_tests::j24k1_approve_with_authority_uses_and_propagates_supplied_authority ... FAILED
test current_trust_tests::j24k1_install_disabled_invokes_authority_again_after_staging_before_publication ... FAILED
test current_trust_tests::j24k1_exact_authority_accepts_matching_current_record ... ok
test current_trust_tests::j24k1_exact_authority_rejects_changed_current_record ... ok
test discovery::tests::describe_without_configuration_is_deterministic_and_secret_free ... ok
test configured_runtime::tests::p1_preparation_reconstruction_never_invokes_provider ... ok
test discovery::tests::discovery_rejects_relative_host_data_root ... ok
test current_trust_tests::j24k1_install_disabled_with_authority_uses_supplied_authority_at_entry ... FAILED
test current_trust_tests::j24k1_exact_authority_rejects_absent_wrong_mode_and_corrupt_store ... ok
test dispatch::tests::c2a2b_intent_entry_omits_semantic_position_when_absent ... ok
test dispatch::tests::c2a2b_intent_entry_serializes_semantic_position_when_present ... ok
test dispatch::tests::c2a2b_join_entry_omits_semantic_position_when_absent ... ok
test dispatch::tests::allow_with_valid_resolved_capability_returns_dispatch_ready_action ... ok
test dispatch::tests::c2a2b_join_entry_serializes_semantic_position_when_present ... ok
test dispatch::tests::c2a2b_malformed_semantic_position_type_rejected_list ... ok
test current_trust_tests::j24k1_prepared_launch_revalidate_current_trust_with_uses_supplied_authority ... FAILED
test dispatch::tests::c2a2b_malformed_semantic_position_type_rejected_null ... ok
test dispatch::tests::c2a2b_malformed_semantic_position_in_trail_fails_closed ... ok
test current_trust_tests::j24k1_run_host_conformance_with_authority_uses_supplied_authority ... FAILED
test dispatch::tests::ask_returns_not_ready_and_writes_no_intent ... ok
test dispatch::tests::c2a2b_malformed_semantic_position_type_rejected_number ... ok
test current_trust_tests::j24k1_prepared_launch_launch_for_candidate_with_refuses_before_launch ... FAILED
test dispatch::tests::c2a2b_outcome_entry_omits_semantic_position_when_absent ... ok
test dispatch::tests::c2a2b_outcome_entry_serializes_semantic_position_when_present ... ok
test dispatch::tests::c2a2b_phase_action_with_group_id_rejected ... ok
test dispatch::tests::c2a2b_old_trail_records_without_semantic_position_remain_readable ... ok
test dispatch::tests::c2a2b_phase_action_with_member_ordinal_rejected ... ok
test dispatch::tests::c2a2b_phase_join_with_group_id_rejected ... ok
test dispatch::tests::c2a2b_phase_join_with_member_ordinal_rejected ... ok
test dispatch::tests::c2a2b_phase_member_empty_group_id_rejected ... ok
test dispatch::tests::c2a2b_phase_member_without_group_id_rejected ... ok
test dispatch::tests::allow_for_capability_a_cannot_prepare_capability_b ... ok
test dispatch::tests::c2a2b_phase_member_without_member_ordinal_rejected ... ok
test dispatch::tests::c2a2b_semantic_position_deterministic_serialization ... ok
test dispatch::tests::c2a2b_unknown_phase_rejected ... ok
test dispatch::tests::c2a2b_trail_reader_rejects_malformed_semantic_position_list ... ok
test dispatch::tests::c2a2b_trail_reader_rejects_malformed_semantic_position_null ... ok
test dispatch::tests::c2a2b_trail_reader_rejects_malformed_semantic_position_number ... ok
test dispatch::tests::c2a2b_trail_reader_rejects_unknown_phase ... ok
test dispatch::tests::c2a2b_valid_join_position_accepted ... ok
test dispatch::tests::c2a2b_valid_action_position_accepted ... ok
test dispatch::tests::c2a2b_valid_member_position_accepted ... ok
test dispatch::tests::c2a2b_trail_reader_accepts_valid_action_position ... ok
test dispatch::tests::c2a2b_trail_reader_accepts_valid_member_position ... ok
test dispatch::tests::f3e1_file_trail_open_accepts_relative_path ... ok
test dispatch::tests::f3e1_file_trail_open_has_no_path_validation ... ok
test dispatch::tests::failure_outcome_carries_error_message_not_result ... ok
test dispatch::tests::intent_recorded_before_outcome ... ok
test dispatch::tests::empty_action_id_rejected ... ok
test dispatch::tests::outcome_entry_serialization_is_deterministic ... ok
test dispatch::tests::outcome_write_failure_returns_error_and_preserves_entries ... ok
test dispatch::tests::deny_returns_no_ready_action_and_writes_no_intent ... ok
test dispatch::tests::intent_is_recorded_before_ready_action_is_returned ... ok
test dispatch::tests::empty_execution_id_rejected ... ok
test dispatch::tests::file_trail_writes_durable_intent_and_outcome ... ok
test dispatch::tests::file_trail_writes_durable_jsonl_intent ... ok
test dispatch::tests::success_outcome_carries_correct_content ... ok
test dispatch::tests::trail_complete_line_survives_close_and_reopen ... ok
test dispatch::tests::trail_incomplete_line_bytes_present_in_file ... ok
test dispatch::tests::prepare_and_record_produces_no_provider_invocation ... ok
test dispatch::tests::repeated_prepare_and_record_is_deterministic ... ok
test dispatch::tests::trail_multiple_complete_lines_ordered_and_parseable ... ok
test dispatch::tests::trail_truncated_final_line_present_and_non_parseable ... ok
test dispatch::tests::stable_identifiers_appear_unchanged ... ok
test dispatch::tests::ready_action_carries_resolved_provider_and_digest_not_substituted_values ... ok
test dispatch::tests::trail_flush_failure_returns_error_and_no_ready_action ... ok
test engine_stdio::tests::core9b_t10_identity_separation ... FAILED
test engine_stdio::tests::core9b_t11_bridge_metadata_separation ... FAILED
test engine_stdio::tests::core9b_t12_real_cross_language_e2e ... FAILED
test engine_stdio::tests::core9b_t13_wrong_event_not_matched ... FAILED
test dispatch::tests::mismatched_allow_identity_version_rejected ... ok
test engine_stdio::tests::core9b_t14_occurrence_identity ... FAILED
test engine_stdio::tests::core9b_t4_mcp_tools_list_contains_two ... FAILED
test engine_stdio::tests::core9b_t5_evaluate_is_core ... FAILED
test engine_stdio::tests::core9b_t6_new_evaluate_reaches_core ... FAILED
test engine_stdio::tests::core9b_t7_core_evaluate_works ... FAILED
test engine_stdio::tests::core9b_t8_core_evaluate_returns_matched ... FAILED
test engine_stdio::tests::core9b_t9_no_core_environment_fails ... FAILED
test dispatch::tests::trail_write_failure_returns_error_and_no_ready_action ... ok
test engine_stdio::tests::j13a_engine_no_tethers_evaluate_sent ... FAILED
test engine_stdio::tests::j13a_engine_one_retained_session_multiple_tethers ... FAILED
test engine_stdio::tests::j13a_real_engine_invalid_tether_via_tools_call ... FAILED
test engine_stdio::tests::j13a_real_engine_valid_tether_via_tools_call ... FAILED
test engine_stdio::tests::j13b_matched_wire_requires_current_v2_program_digest ... ok
test dispatch::tests::unavailable_returns_no_ready_action_and_writes_no_intent ... ok
test engine_stdio::tests::j13b_retained_engine_uses_arguments_request_for_multiple_evaluations ... FAILED
test engine_stdio::tests::j13b_wire_missing_or_non_string_status_is_engine_error ... ok
test event_admission::tests::accepted_id_remains_recorded_with_no_removal_surface ... ok
test event_admission::tests::consecutive_distinct_events_at_max_depth_accepted ... ok
test event_admission::tests::depth_rejection_does_not_reserve_event_id ... ok
test event_admission::tests::depth_rejection_precedes_duplicate_rejection ... ok
test event_admission::tests::distinct_event_ids_accepted ... ok
test event_admission::tests::duplicate_matching_is_case_sensitive ... ok
test event_admission::tests::duplicate_rejection_does_not_change_admitted_count ... ok
test event_admission::tests::fresh_gate_has_zero_admitted_events ... ok
test event_admission::tests::generation_above_nine_rejected ... ok
test event_admission::tests::generation_eight_accepted ... ok
test event_admission::tests::generation_nine_rejected ... ok
test event_admission::tests::max_depth_rejects_generation_nine_fresh ... ok
test event_admission::tests::multiple_rejections_do_not_alter_admitted_set ... ok
test event_admission::tests::unique_generation_zero_event_accepted ... ok
test event_queue::tests::child_never_jumps_ahead_of_existing_sibling ... ok
test event_queue::tests::drop_discards_remaining_anchors_without_retry ... ok
test event_queue::tests::empty_queue_is_empty_and_pops_nothing ... ok
test event_queue::tests::drain_maintains_maximum_depth_one ... ok
test event_queue::tests::enqueue_during_draining_appends_to_tail ... ok
test event_admission::tests::second_admission_of_same_id_rejected_as_duplicate ... ok
test event_queue::tests::enqueue_then_pop_front_returns_fifo_order ... ok
test event_queue::tests::failed_pop_does_not_reinsert ... ok
test event_queue::tests::multi_generation_drain_preserves_fifo ... ok
test event_queue::tests::queue_value_is_send_under_current_representation ... ok
test execution_environment::tests::cwd_outside_granted_scope_is_rejected ... ok
test execution_environment::tests::dot_dot_traversal_outside_scope_is_rejected ... ok
test execution_environment::tests::duplicate_capability_ids_are_rejected ... ok
test execution_environment::tests::duplicate_command_ids_are_rejected ... ok
test execution_environment::tests::non_pwsh_shell_is_rejected ... ok
test execution_environment::tests::non_windows_platform_is_rejected ... ok
test execution_environment::tests::powershell_command_is_refused_at_issue ... ok
test execution_environment::tests::powershell_requires_absolute_script_path ... ok
test execution_environment::tests::issues_an_immutable_contract_with_all_three_digests ... ok
test execution_environment::tests::contract_integrity_digest_is_recomputed_in_permit ... ok
test execution_environment::tests::relative_cwd_is_rejected ... ok
test execution_environment::tests::relative_program_path_is_rejected ... ok
test execution_environment::tests::from_stored_rejects_digest_mismatch ... ok
test execution_environment::tests::preferred_absence_is_degraded ... ok
test execution_environment::tests::from_stored_round_trips_valid_contract ... ok
test execution_environment::tests::substitutes_are_deferred_not_resolved ... ok
test execution_environment::tests::permit_requires_exact_program_arguments_and_directory ... ok
test execution_environment::tests::required_absence_blocks_but_optional_absence_does_not_degrade ... ok
test enablement::tests::enablement_is_explicit_and_disable_removes_availability ... ok
test execution_environment::tests::tampered_cwd_is_rejected ... ok
test execution_environment::tests::tampered_observation_digest_is_rejected ... ok
test execution_environment::tests::worker_cannot_self_appoint ... ok
test execution_environment::tests::tampered_arguments_are_rejected ... ok
test execution_environment::tests::tampered_program_path_is_rejected ... ok
test execution_environment::tests::tampered_request_digest_is_rejected ... ok
test execution_environment::tests::tampered_status_is_rejected ... ok
test f3c_installation_intent_publication_evidence::f3c1_intent_has_one_canonical_identity ... ok
test f3c_installation_intent_publication_evidence::f3c2_invalid_expected_does_not_mutate_store ... ok
test f3c_installation_intent_publication_evidence::f3c1_malformed_or_duplicate_intent_state_fails_closed ... ok
test f3c_installation_intent_publication_evidence::f3c1_singleton_current_json_contract_is_correctly_enforced ... ok
test f3c_installation_intent_publication_evidence::f3c1_exact_duplicate_retry_is_deterministic ... ok
test f3c_installation_intent_publication_evidence::f3c1_stored_bytes_bind_exact_installation_operation ... ok
test f3c_installation_intent_publication_evidence::f3c1_conflicting_intent_cannot_silently_replace_existing ... ok
test f3c_installation_intent_publication_evidence::f3c2_malformed_state_cannot_be_converted_into_absence ... ok
test f3c_installation_intent_publication_evidence::f3c2_only_exact_match_is_removed ... ok
test f3c_installation_intent_publication_evidence::f3c2_wrong_digest_cannot_remove ... ok
test f3c_installation_intent_publication_evidence::f3c3_intent_creation_is_the_first_publication_step ... ok
test f3c_installation_intent_publication_evidence::f3c2_missing_intent_distinguished_from_mismatched ... ok
test f3c_installation_intent_publication_evidence::f3c2_stale_intent_cannot_remove_newer_different ... ok
test f3c_installation_intent_publication_evidence::f3c3_intent_only_persists_and_does_not_imply_publication ... ok
test f3c_installation_intent_publication_evidence::f3c2_wrong_installation_identity_cannot_remove ... ok
test f3c_installation_intent_publication_evidence::f3c4_classification_is_deterministic ... ok
test f3c_installation_intent_publication_evidence::f3c4_classification_is_idempotent ... ok
test f3c_installation_intent_publication_evidence::f3c4_classification_preserves_input ... ok
test f3c_installation_intent_publication_evidence::f3c4_invalid_intent_fails_before_classification ... ok
test f3c_installation_intent_publication_evidence::f3c4_destination_with_invalid_record_conflicts ... ok
test f3c_installation_intent_publication_evidence::f3c4_destination_with_different_valid_record_conflicts ... ok
test f3c_installation_intent_publication_evidence::f3c3_intent_lifecycle_is_deterministic ... ok
test f3c_installation_intent_publication_evidence::f3c4_state_false_false_none_removes_intent_only ... ok
test f3c_installation_intent_publication_evidence::f3c4_state_false_true_none_revalidates_then_publishes_record ... ok
test f3c_installation_intent_publication_evidence::f3c4_state_false_false_record_without_destination_conflicts ... ok
test f3c_installation_intent_publication_evidence::f3c4_state_false_true_matching_record_verifies_then_removes_intent ... ok
test f3c_installation_intent_publication_evidence::f3c4_state_true_false_none_removes_staging_then_intent ... ok
test f3c_installation_intent_publication_evidence::f3c4_state_true_false_record_conflicts ... ok
test f3c_installation_intent_publication_evidence::f3c4_state_true_true_none_conflicts ... ok
test f3c_installation_intent_publication_evidence::f3c4_staging_with_invalid_record_conflicts ... ok
test f3c_installation_intent_publication_evidence::f3c4_state_true_true_record_conflicts ... ok
test f3c_installation_intent_publication_evidence::f3c5_classifier_mismatched_destination_returns_revalidate_not_delete ... ok
test f3c_installation_intent_publication_evidence::f3c5_classifier_mismatched_record_returns_conflict_not_overwrite ... ok
test f3c_installation_intent_publication_evidence::f3c5_classifier_staging_plus_destination_returns_conflict ... ok
test f3c_installation_intent_publication_evidence::f3c5_corruption_tamper_evidence_preserved ... ok
test f3c_installation_intent_publication_evidence::f3c5_all_four_classified_invalid_states_return_error ... ok
test f3c_installation_intent_publication_evidence::f3c6_filename_record_identity_disagreement_fails_closed ... ok
test f3c_installation_intent_publication_evidence::f3c6_every_content_field_is_digest_covered ... ok
test f3d_bounded_persistence_stores_evidence::f3d_dev_approval_duplicate_digest_is_conflict ... ok
test f3c_installation_intent_publication_evidence::f3c6_digest_computed_over_canonical_representation ... ok
test f3c_installation_intent_publication_evidence::f3c5_wrong_intent_is_never_cleared ... ok
test f3d_bounded_persistence_stores_evidence::f3d_dev_approval_filename_mismatch_detected ... ok
test f3d_bounded_persistence_stores_evidence::f3d_dev_approval_reopen_preserves_record ... ok
test f3d_bounded_persistence_stores_evidence::f3d_dev_approval_torn_tmp_detected_in_find ... ok
test f3c_installation_intent_publication_evidence::f3c6_read_back_identity_is_checked ... ok
test f3c_installation_intent_publication_evidence::f3c6_installed_record_field_tampering_invalidates_intent_digest ... ok
test file_tools::tests::metadata_is_bounded_and_utf8_checked ... ok
test f3d_bounded_persistence_stores_evidence::f3d_local_anchor_conflicting_evaluation_result_is_corrupt ... ok
test f3c_installation_intent_publication_evidence::f3c6_recovery_decisions_use_validated_persisted_state ... ok
test file_tools::tests::metadata_v2_compute_hash_false_returns_null ... ok
test file_tools::tests::metadata_v2_compute_hash_omitted_defaults_false ... ok
test f3c_installation_intent_publication_evidence::f3c6_written_bytes_are_canonical_intent ... ok
test file_tools::tests::metadata_v2_created_time_valid_or_null ... ok
test file_tools::tests::metadata_v2_compute_hash_true_returns_deterministic_sha256 ... ok
test file_tools::tests::metadata_v2_file_tools_v1_unchanged ... ok
test file_tools::tests::metadata_v2_extension_lowercase_no_dot ... ok
test file_tools::tests::metadata_v2_hash_directory_refused ... ok
test file_tools::tests::metadata_v2_committed_frozen_manifest_matches_builder ... ok
test file_tools::tests::metadata_v2_missing_path_refused_in_validation ... ok
test file_tools::tests::metadata_v2_missing_path_refused ... ok
test file_tools::tests::metadata_v2_modified_time_present ... ok
test file_tools::tests::metadata_v2_no_extension_returns_null ... ok
test file_tools::tests::metadata_v2_reports_kind_directory ... ok
test file_tools::tests::metadata_v2_move_file_not_regressed ... ok
test file_tools::tests::metadata_v2_reports_kind_file ... ok
test file_tools::tests::metadata_v2_read_only_reported ... ok
test file_tools::tests::metadata_v2_scope_violation_refused ... ok
test f3d_bounded_persistence_stores_evidence::f3d_enablement_record_filename_mismatch_detected ... ok
test file_tools::tests::metadata_v2_size_exact_for_file ... ok
test file_tools::tests::metadata_v2_size_null_for_directory ... ok
test file_tools::tests::metadata_v2_traversal_refused ... ok
test file_tools::tests::metadata_v2_unknown_field_refused ... ok
test file_tools::tests::move_refuses_overwrite_and_preserves_source_on_refusal ... ok
test file_tools::tests::move_success_is_exact_and_non_recursive ... ok
test host_execution::tests::c2_a3a_semantic_first_non_success_preserves_exact_step ... ok
test file_tools::tests::metadata_v2_manifest_digest_is_stable ... ok
test host_execution::tests::c1c1_present_non_array_plan_groups_fails_closed_before_dispatch ... ok
test file_tools::tests::committed_contract_projections_are_valid_manifests ... ok
test file_tools::tests::reference_package_bytes_are_deterministic_and_inspectable ... ok
test child_process::tests::j13a_nonexistent_command_fails ... ok
test child_process::tests::f2a_exit_distinguishable_from_timeout_and_disconnect ... ok
test child_process::tests::j13a_direct_child_terminated ... ok
test child_process::tests::j13a_descendant_terminated ... ok
test child_process::tests::j13a_child_launch_and_shutdown ... ok
test child_process::tests::j13a_job_handle_closed_on_shutdown ... ok
test child_process::tests::j13a_reader_threads_join ... ok
test child_process::tests::f2a_windows_cleanup_reaps_child_and_joins_threads ... FAILED
test check_command::tests::j13a_check_provider_uses_manifest_server_name_not_identity ... ok
test check_command::tests::j13a_check_provider_rejects_wrong_reported_server_name ... ok
test child_process::tests::j13a_named_powershell_child_preserves_piped_protocol ... FAILED
test child_process::tests::j13a_independent_job_objects ... ok
test child_process::tests::j13a_stderr_capture ... FAILED
test host_execution::tests::c2a3a_group_join_after_all_terminals ... FAILED
test host_execution::tests::c2a3a_stage_c_durability_while_sibling_blocked ... FAILED
test host_execution::tests::c2a3a_terminal_approval_required_plus_success ... FAILED
test host_execution::tests::c2a3a_terminal_denied_plus_success ... FAILED
test host_execution::tests::c2a3a_terminal_deterministic_result_independent_of_order ... FAILED
test host_execution::tests::c2a3a_terminal_g1_before_effect ... FAILED
test host_execution::tests::c3_a1_n2_limits_active_invocations_to_at_most_two_and_reaches_two ... FAILED
test host_execution::tests::c2a3a_terminal_intent_before_effect ... FAILED
test host_execution::tests::c2a3a_terminal_panic_exact_uncertain ... FAILED
test host_execution::tests::c3_a2_next_slot_launches_earliest_semantic_waiter ... FAILED
test host_execution::tests::c3_a2_queue_wait_does_not_consume_provider_timeout ... FAILED
test host_execution::tests::c2a3a_terminal_unattempted ... FAILED
test host_execution::tests::c3_a2_waiting_member_has_g0_without_g1_or_provider_effect ... FAILED
test host_execution::tests::c2a3a_terminal_unavailable_plus_success ... FAILED
test host_execution::tests::c3_a3_all_terminal_preserves_group_join ... FAILED
test host_execution::tests::c2a3a_terminal_uncertain ... FAILED
test host_execution::tests::c2a3a_trail_physical_order_a_before_b ... FAILED
test host_execution::tests::c2a3a_trail_physical_order_b_before_a ... FAILED
test host_execution::tests::c2a3a_worker_panic_yields_uncertain_non_success_join ... FAILED
test host_execution::tests::c3_a3_g1_failure_halts_before_any_later_effect_without_join ... FAILED
test host_execution::tests::c3_a1_full_width_preserves_full_overlap ... FAILED
test host_execution::tests::c2a3a_terminal_replay_blocked_completed_failure ... FAILED
test host_execution::tests::c2a3a_terminal_replay_blocked_completed_success ... FAILED
test host_execution::tests::c3_a2_queued_member_replay_order_is_g0_wait_g1_g2 ... FAILED
test host_execution::tests::c3_a4_default_two_controls_real_group_execution ... FAILED
test host_execution::tests::c3_a3_g2_failure_halts_queued_effects_without_join ... FAILED
test host_execution::tests::c3_a3_outcome_durability_failure_halts_queued_effects_without_join ... FAILED
test host_execution::tests::c3_a1_n1_limits_active_invocations_to_at_most_one ... FAILED
test host_execution::tests::c3_a4_explicit_one_controls_real_group_execution ... FAILED
test host_execution::tests::c3_a3_n2_active_sibling_survives_fatal_halt_truthfully ... FAILED
test host_execution::tests::c3_a3_worker_panic_terminalises_uncertain_and_releases_slot ... FAILED
test host_execution::tests::c3_v1_n1_group_of_five_proves_bound_and_full_terminalisation ... FAILED
test host_execution::tests::c3_v1_n2_group_of_five_proves_bound_reached_and_full_terminalisation ... FAILED
test host_execution::tests::c3_a3_normal_provider_failure_releases_slot_and_joins ... FAILED
test host_execution::tests::c4_g2_failure_halts_queue_but_active_sibling_finishes_truthfully ... FAILED
test host_execution::tests::c4_inverse_completion_preserves_semantic_first_failure ... FAILED
test host_execution::tests::c4_outcome_durability_failure_does_not_contaminate_active_sibling ... FAILED
test host_execution::tests::c4_repeated_inverse_completion_has_no_state_leak ... FAILED
test host_execution::tests::c4_fast_failure_releases_slot_while_slow_sibling_runs ... FAILED
test host_execution::tests::c4_g1_failure_halts_queue_but_active_sibling_finishes_truthfully ... FAILED
test host_execution::tests::c4_worker_panic_under_n2_pressure_releases_slot ... FAILED
test host_execution::tests::j13b_ask_result_contains_no_invented_approval_id ... ok
test host_execution::tests::j13b_correlated_and_minimal_planner_errors_are_distinct ... ok
test host_execution::tests::j13b_anchor_event_id_participates_in_replay_logical_key ... ok
test host_execution::tests::j13b_engine_validation_and_evaluation_failures_remain_typed ... ok
test host_execution::tests::j13b_evaluation_input_all_fields_explicit ... ok
test host_execution::tests::j13b_extra_planner_response_fields_are_tolerated ... ok
test host_execution::tests::j13b_matched_response_validates_every_correlation_before_dispatch ... ok
test host_execution::tests::j13b_missing_bridge_pins_deny ... ok
test host_execution::tests::j13b_every_planner_correlation_mismatch_is_invalid_data ... ok
test host_execution::tests::j13b_not_matched_is_no_actions_without_dispatch ... ok
test host_execution::tests::j13b_provider_error_classification_preserves_failure_vs_uncertainty ... ok
test host_execution::tests::j13b_rejected_error_and_invalid_routes_make_zero_replay_or_provider_calls ... ok
test host_execution::tests::j13b_run_selected_tether_indexes_are_exact_and_deduplicated ... ok
test host_execution::tests::j13b_service_keeps_evaluation_ids_explicit ... ok
test host_execution::tests::j13b_shared_replay_results_map_without_becoming_completed ... ok
test host_execution::tests::j13b_request_envelope_is_exact_direct_and_contains_selected_source ... ok
test host_execution::tests::j13b_unavailable_produces_zero_provider_calls ... ok
test host_execution::tests::j13b_unattempted_cannot_be_confused_with_failed ... ok
test host_execution::tests::j14a_ask_exposes_no_execution_id ... ok
test host_execution::tests::j13b_unknown_planner_status_is_invalid_data ... ok
test host_execution::tests::j14a_audit_failed_after_admission_may_expose_execution_id ... ok
test host_execution::tests::j14a_completed_without_identity_omits_execution_id ... ok
test host_execution::tests::core9b_t9_builder_fails_without_core_environment ... ok
test host_execution::tests::j14a_deny_exposes_no_execution_id ... ok
test host_execution::tests::j14a_failed_after_admission_exposes_execution_id ... ok
test host_execution::tests::core9c_t16_wrong_event_never_dispatches ... FAILED
test host_execution::tests::j14a_interrupted_no_execution_id ... ok
test host_execution::tests::j14a_fresh_replay_identity_reaches_typed_service_result ... ok
test host_execution::tests::core9c_t17_missing_core_environment_fails_closed_without_dispatch ... FAILED
test host_execution::tests::j14a_invalid_data_no_execution_id ... ok
test host_execution::tests::core9b_t13_builder_wrong_event_not_matched ... FAILED
test host_execution::tests::j14a_planner_error_no_execution_id ... ok
test host_execution::tests::core9b_t14_builder_occurrence_identity ... FAILED
test host_execution::tests::j14a_post_admission_denied_exposes_execution_id ... ok
test host_execution::tests::j14a_public_execution_id_passes_parse ... ok
test host_execution::tests::j14a_no_actions_exposes_no_execution_id ... ok
test host_execution::tests::core9b_t10_builder_identity_separation ... ok
test host_execution::tests::core9b_t11_builder_bridge_metadata_separation ... ok
test host_execution::tests::j14a_replay_persistence_unavailable_no_execution_id ... ok
test host_execution::tests::j14a_replay_persistence_unavailable_with_identity ... ok
test host_execution::tests::j14a_unattempted_after_admission_exposes_execution_id ... ok
test host_execution::tests::core9b_t12_real_rust_built_cross_language_e2e ... FAILED
test host_execution::tests::j14a_unavailable_before_admission_no_execution_id ... ok
test host_execution::tests::j14a_uncertain_after_admission_exposes_execution_id ... ok
test host_execution::tests::p2_guarded_together_rejection_precedes_g1_and_provider ... FAILED
test installation_driver_tests::j24l1_advanced_to_complete_stops_without_confirmation_call ... ok
test installation_driver_tests::j24l1_already_complete_stops_after_one_call ... ok
test installation_driver_tests::j24l1_conformance_without_advance_stops_immediately ... ok
test host_execution::tests::j14a_replay_blocked_success_exposes_identity ... ok
test installation_driver_tests::j24l1_fresh_sequence_completes_in_exactly_four_calls ... ok
test installation_driver_tests::j24l1_executor_error_propagates_without_another_call ... ok
test host_execution::tests::j13b_structured_scope_requires_trusted_within_scope_before_dispatch ... ok
test installation_execution::lock_tests::j24k2_lock_busy_from_another_thread ... FAILED
test installation_execution::lock_tests::j24k2_lock_child_cannot_inherit_lock_handle ... FAILED
test installation_driver_tests::j24l1_four_noncomplete_advances_hit_exact_iteration_limit ... ok
test installation_execution::lock_tests::j24k2_lock_missing_parent_directory_rejected ... ok
test installation_execution::lock_tests::j24k2_lock_non_absolute_path_rejected ... ok
test installation_driver_tests::j24l1_preserves_returned_steps_without_rewriting ... ok
test installation_execution::lock_tests::j24k2_lock_acquire_and_release ... FAILED
test installation_execution::lock_tests::j24k2_lock_release_after_drop_allows_reacquisition ... FAILED
test installation_execution::lock_tests::j24k2_lock_non_empty_existing_anchor_rejected ... ok
test installation_execution::transition_tests::j24k2_transition_backward_is_regressed ... ok
test installation_execution::transition_tests::j24k2_transition_changed_approval_pin_is_postcondition_failed ... ok
test installation_execution::lock_tests::j24k2_lock_raii_unwind_releases_lock ... FAILED
test installation_execution::lock_tests::j24k2_lock_second_acquisition_fails_busy ... FAILED
test installation_execution::transition_tests::j24k2_transition_changed_candidate_identity_is_postcondition_failed ... ok
test installation_execution::transition_tests::j24k2_transition_changed_launch_pin_is_postcondition_failed ... ok
test installation_execution::lock_tests::j24k2_lock_preexisting_empty_anchor_accepted ... FAILED
test installation_execution::transition_tests::j24k2_transition_changed_retained_trust_pin_is_postcondition_failed ... ok
test installation_execution::transition_tests::j24k2_transition_changed_retained_conformance_digest_is_postcondition_failed ... ok
test installation_execution::transition_tests::j24k2_transition_changed_retained_conformance_id_is_postcondition_failed ... ok
test installation_execution::transition_tests::j24k2_transition_ordinary_same_action_is_stagnant ... ok
test installation_execution::transition_tests::j24k2_transition_legitimate_advance_with_new_pins_accepted ... ok
test installation_execution::transition_tests::j24k2_transition_skipped_action_is_invalid_transition ... ok
test installation_execution_tests::j24k2_validate_options_accepts_valid ... ok
test installation_execution_tests::j24k2_validate_options_rejects_empty_authority ... ok
test installation_execution_tests::j24k2_validate_options_rejects_empty_build_identity ... ok
test installation_execution_tests::j24k2_validate_options_rejects_zero_wall_time ... ok
test installation_plan::tests::plan_action_enum_is_exhaustive ... ok
test installation_plan::tests::rejects_false_supervised_approval ... ok
test installation_plan::tests::rejects_non_disabled_target_state ... ok
test installation_plan::tests::rejects_wrong_schema ... ok
test installation_plan::tests::validates_canonical_lowercase_hyphenated_uuid ... ok
test installation_execution::transition_tests::j24k2_transition_contradictory_expected_action_is_invalid_transition ... ok
test installation_publication_intent_tests::j24k3a_construction_preserves_precomputed_identity_digest_and_timestamp ... ok
test installation_publication_intent_tests::j24k3a_destination_identity_is_exact_and_record_drift_fails ... ok
test installation_publication_intent_tests::j24k3a_create_and_load_round_trip_is_atomic_and_private ... ok
test installation_execution_tests::j24k3f_publication_advances_to_complete ... FAILED
test installation_execution_tests::j24k3f_global_untracked_destination_blocks_publication_pre_intent_lock_released ... FAILED
test installation_execution_tests::j24k3f_intent_store_rooted_under_executor_state ... FAILED
test installation_publication_intent_tests::j24k3a_different_candidate_id_with_recomputed_digest_fails ... ok
test installation_execution_tests::j24k2_complete_state_is_idempotent_and_mutation_free ... FAILED
test installation_execution_tests::j24k3f_no_intent_under_wrong_paths ... FAILED
test installation_execution_tests::j24k3f_returned_plans_and_outcome_exact ... FAILED
test installation_execution_tests::j24k3f_complete_returns_already_complete_no_mutation ... FAILED
test installation_execution_tests::j24k3f_destination_and_record_exist_recovery_idle ... FAILED
test installation_execution_tests::j24k3f_no_second_action_executed ... FAILED
test installation_execution_tests::j24k3f_second_lock_returns_installation_busy ... FAILED
test installation_execution_tests::j24k3f_test_only_post_intent_failure_is_recoverable_and_publishes_once ... FAILED
test installation_publication_intent_tests::j24k3a_different_installed_record_digest_with_recomputed_digest_fails ... ok
test installation_publication_intent_tests::j24k3a_relative_executor_state_root_is_refused ... ok
test installation_publication_intent_tests::j24k3a_malformed_duplicate_unknown_and_unsafe_entries_fail_closed ... ok
test installation_publication_intent_tests::j24k3a_different_destination_with_recomputed_digest_fails ... ok
test installation_publication_intent_tests::j24k3a_unix_symlink_executor_state_root_is_refused ... ok
test installation_publication_intent_tests::j24k3a_embedded_record_field_is_covered_by_outer_intent_digest ... ok
test installation_publication_intent_tests::j24k3a_invalid_expected_removal_returns_invalid ... ok
test installation_publication_intent_tests::j24k3a_noncanonical_transaction_uuid_no_hyphens_is_refused ... ok
test installation_publication_intent_tests::j24k3a_embedded_destination_mismatch_with_recomputed_digest_fails ... ok
test installation_publication_intent_tests::j24k3a_noncanonical_transaction_uuid_uppercase_is_refused ... ok
test installation_publication_intent_tests::j24k3a_different_transaction_id_with_recomputed_digest_fails ... ok
test installation_publication_intent_tests::j24k3a_embedded_candidate_mismatch_with_recomputed_digest_fails ... ok
test installation_publication_intent_tests::j24k3a_unknown_directory_and_multiple_entries_fail_closed ... ok
test installation_publication_intent_tests::j24k3a_exact_removal_and_absent_removal ... ok
test installation_publication_intent_tests::j24k3a_open_existing_finds_existing_intent_root ... ok
test installation_publication_intent_tests::j24k3a_unknown_field_in_intent_json_fails_strict_deserialization ... ok
test installation_publication_intent_tests::j24k3a_written_bytes_are_canonical_intent ... ok
test installation_publication_intent_tests::j24k3a_every_intent_field_is_digest_covered ... ok
test installation_publication_intent_tests::j24k3a_multiple_entries_preserve_all_bytes_on_failure ... ok
test installation_publication_intent_tests::j24k3a_valid_mismatched_removal_preserves_original_bytes ... ok
test installation_publication_mutation_tests::j24k3e2_destination_plus_matching_record_removes_only_intent ... FAILED
test installation_publication_mutation_tests::j24k3e2_completed_publication_classifies_completed_then_idle ... FAILED
test installation_publication_mutation_tests::j24k3e2_exact_staging_files_lengths_hashes_and_read_only ... FAILED
test installation_publication_mutation_tests::j24k3e2_existing_destination_is_not_overwritten_or_adopted ... FAILED
test installation_publication_intent_tests::j24k3a_second_create_leaves_original_bytes_unchanged ... ok
test installation_publication_mutation_tests::j24k3e2_destination_without_record_publishes_exact_record_once ... FAILED
test installation_publication_mutation_tests::j24k3e2_existing_staging_is_not_overwritten_or_adopted ... FAILED
test installation_publication_mutation_tests::j24k3e2_final_destination_reverified_before_publication ... FAILED
test installation_publication_mutation_tests::j24k3e2_intent_plus_staging_prefix_is_recoverable_to_idle ... FAILED
test installation_publication_mutation_tests::j24k3e2_intent_only_prefix_is_recoverable_to_idle ... FAILED
test installation_publication_mutation_tests::j24k3e2_non_idle_recovery_creates_no_new_state ... FAILED
test installation_publication_mutation_tests::j24k3e2_mismatched_record_fails_closed ... FAILED
test installation_publication_mutation_tests::j24k3e2_mismatched_destination_fails_closed ... FAILED
test installation_publication_mutation_tests::j24k3e2_publication_refuses_duplicate_installed_release ... FAILED
test installation_publication_mutation_tests::j24k3e2_publication_refuses_mismatched_record_digest ... FAILED
test installation_publication_mutation_tests::j24k3e2_persisted_intent_equals_prepared_before_later_steps ... FAILED
test installation_publication_mutation_tests::j24k3e2_quarantine_byte_drift_is_refused_before_intent ... FAILED
test installation_publication_mutation_tests::j24k3e2_rename_uses_exact_prepared_destination ... FAILED
test installation_publication_mutation_tests::j24k3e2_record_without_destination_fails_closed ... FAILED
test installation_publication_mutation_tests::j24k3e2_returned_and_published_record_equal_prepared ... FAILED
test installation_publication_mutation_tests::j24k3e2_publication_retains_original_uuid_and_timestamp ... FAILED
test installation_publication_mutation_tests::j24k3e2_same_transaction_cannot_duplicate_publication ... FAILED
test installation_publication_mutation_tests::j24k3e2_stale_evidence_before_mutation_creates_no_intent ... FAILED
test installation_publication_mutation_tests::j24k3e2_success_leaves_idle_recovery_no_intent_no_staging ... FAILED
test installation_publication_preparation_tests::j24k3e1_created_time_is_nonzero_and_frozen_through_validation ... FAILED
test installation_publication_preparation_tests::j24k3e1_authoritative_plan_changed_after_before_plan_is_refused ... FAILED
test installation_publication_mutation_tests::j24k3e2_valid_prepared_publication_completes_exactly_once ... FAILED
test installation_publication_preparation_tests::j24k3e1_disabled_bindings_match_candidate_capabilities_in_accepted_order ... FAILED
test installation_publication_preparation_tests::j24k3e1_destination_is_exactly_plug_installed_id ... FAILED
test installation_publication_preparation_tests::j24k3e1_digests_remain_stable_under_repeated_validation ... FAILED
test installation_publication_preparation_tests::j24k3e1_drifted_approval_evidence_is_refused ... FAILED
test installation_publication_preparation_tests::j24k3e1_duplicate_installed_release_is_refused ... FAILED
test installation_publication_preparation_tests::j24k3e1_drifted_launch_profile_is_refused ... FAILED
test installation_publication_preparation_tests::j24k3e1_drifted_conformance_evidence_is_refused ... FAILED
test installation_publication_preparation_tests::j24k3e1_forged_before_plan_pins_are_refused_without_mutation ... FAILED
test installation_publication_preparation_tests::j24k3e1_forged_installed_pins_are_refused_without_mutation ... FAILED
test installation_publication_preparation_tests::j24k3e1_global_untracked_final_destination_blocks_preparation ... FAILED
test installation_publication_preparation_tests::j24k3e1_malformed_intent_blocks_preparation_and_is_retained ... FAILED
test installation_publication_preparation_tests::j24k3e1_independent_preparations_differ_in_identity_but_both_stay_read_only ... FAILED
test installation_publication_preparation_tests::j24k3e1_intent_record_and_destination_identity_agree ... FAILED
test installation_publication_preparation_tests::j24k3e1_missing_candidate_is_refused ... FAILED
test installation_publication_preparation_tests::j24k3e1_missing_exact_trust_is_refused ... FAILED
test installation_publication_preparation_tests::j24k3e1_no_intent_staging_destination_or_record_is_created ... FAILED
test installation_publication_preparation_tests::j24k3e1_non_publication_action_is_refused_without_mutation ... FAILED
test installation_recovery_audit_tests::j24k3c4_empty_roots_pass_without_intent ... ok
test installation_publication_preparation_tests::j24k3e1_prepared_installed_id_is_canonical_lowercase_uuid ... FAILED
test installation_publication_preparation_tests::j24k3e1_quarantine_byte_drift_is_refused ... FAILED
test installation_recovery_audit_tests::j24k3c4_accounted_destination_present_as_file_fails_conflict ... ok
test installation_publication_preparation_tests::j24k3e1_pending_recovery_intent_blocks_preparation_and_is_retained ... FAILED
test installation_recovery_audit_tests::j24k3c4_malformed_plug_directory_name_fails_as_untracked ... ok
test installation_publication_preparation_tests::j24k3e1_publication_ready_evidence_produces_sealed_prepared_value ... FAILED
test installation_recovery_audit_tests::j24k3c4_missing_install_root_returns_recovery_io ... ok
test installation_recovery_audit_tests::j24k3c4_installed_bytes_drift_fails_conflict ... ok
test installation_recovery_audit_tests::j24k3c4_missing_record_root_returns_recovery_io ... ok
test installation_publication_preparation_tests::j24k3e1_successful_preparation_leaves_all_durable_roots_unchanged ... FAILED
test installation_recovery_audit_tests::j24k3c4_non_canonical_uuid_in_plug_name_fails_as_untracked ... ok
test installation_recovery_audit_tests::j24k3c4_duplicate_destination_claims_fail_conflict ... ok
test installation_publication_preparation_tests::j24k3e1_record_fields_exactly_match_pinned_evidence ... FAILED
test installation_publication_preparation_tests::j24k3e1_torn_intent_state_blocks_preparation_and_is_retained ... FAILED
test installation_recovery_audit_tests::j24k3c4_invalid_intent_wins_before_missing_roots ... ok
test installation_recovery_audit_tests::j24k3c4_intent_does_not_excuse_second_untracked ... ok
test installation_recovery_audit_tests::j24k3c4_unix_symlink_final_destination_refused ... ok
test installation_publication_preparation_tests::j24k3e1_stale_before_plan_identity_is_refused_without_mutation ... FAILED
test installation_recovery_audit_tests::j24k3c4_untracked_canonical_directory_fails_without_intent ... ok
test installation_publication_preparation_tests::j24k3e1_staging_recovery_conflict_is_not_cleaned_or_adopted ... FAILED
test installation_recovery_audit_tests::j24k3c4_untracked_canonical_plug_file_fails_as_untracked ... ok
test installation_recovery_audit_tests::j24k3c4_tracked_record_missing_destination_fails_conflict ... ok
test installation_recovery_audit_tests::j24k3c4_single_valid_record_and_destination_pass_without_intent ... ok
test installation_recovery_audit_tests::j24k3c4_record_destination_not_exact_plug_id_fails_closed ... ok
test installation_publication_preparation_tests::j24k3e1_wrong_before_plan_action_is_refused_without_mutation ... FAILED
test installation_recovery_audit_tests::j24k3c4_staging_and_unrelated_entries_ignored ... ok
test installation_recovery_audit_tests::j24k3c4_unix_symlink_tracked_destination_load_all_refused ... ok
test installation_publication_preparation_tests::j24k3e1_unsafe_intent_root_preserves_unsafe_store_path ... FAILED
test installation_recovery_audit_tests::j24k3c4_intent_and_record_claim_same_destination_with_different_records_fails ... ok
test installation_recovery_audit_tests::j24k3c4_matching_intent_record_and_destination_pass ... ok
test installation_recovery_audit_tests::j24k3c4_multiple_valid_records_pass_without_intent ... ok
test installation_recovery_audit_tests::j24k3c4_valid_intent_absent_destination_passes ... ok
test installation_recovery_audit_tests::j24k3c4_valid_intent_destination_present_without_record_passes ... ok
test child_process::tests::f2a_live_stderr_visible_before_exit ... ok
test installation_recovery_destination_tests::j24k3c2_destination_as_file_fails_closed ... ok
test installation_recovery_destination_tests::j24k3c2_invalid_intent_rejected_before_destination_inspection ... ok
test installation_recovery_audit_tests::j24k3c4_success_leaves_state_unchanged ... ok
test installation_recovery_destination_tests::j24k3c2_changed_bytes_equal_length_fails_by_digest ... ok
test installation_recovery_destination_tests::j24k3c2_missing_destination_fails_closed ... ok
test installation_recovery_destination_tests::j24k3c2_exact_valid_flat_destination_passes ... ok
test installation_recovery_destination_tests::j24k3c2_missing_install_root_returns_recovery_io ... ok
test installation_recovery_destination_tests::j24k3c2_duplicate_expected_paths_fail_closed ... ok
test installation_recovery_destination_tests::j24k3c2_exact_valid_nested_destination_passes ... ok
test installation_recovery_destination_tests::j24k3c2_unix_symlink_destination_root_refused ... ok
test installation_recovery_destination_tests::j24k3c2_changed_length_fails_closed ... ok
test installation_recovery_destination_tests::j24k3c2_extra_file_fails_closed ... ok
test installation_recovery_destination_tests::j24k3c2_missing_expected_file_fails_closed ... ok
test installation_recovery_destination_tests::j24k3c2_unix_symlink_nested_entry_refused ... ok
test installation_recovery_destination_tests::j24k3c2_unrelated_sibling_destinations_untouched_and_not_scanned ... ok
test installation_recovery_destination_tests::j24k3c2_unsafe_expected_absolute_path_fail_closed ... ok
test installation_recovery_destination_tests::j24k3c2_unsafe_expected_backslash_separator_fail_closed ... ok
test installation_recovery_destination_tests::j24k3c2_unsafe_expected_current_dir_component_fail_closed ... ok
test installation_recovery_destination_tests::j24k3c2_unsafe_expected_parent_traversal_fail_closed ... ok
test installation_recovery_destination_tests::j24k3c2_verification_leaves_entries_bytes_timestamps_permissions_unchanged ... ok
test installation_recovery_destination_tests::j24k3c2_unsafe_expected_separator_ambiguity_fail_closed ... ok
test installation_recovery_destination_tests::j24k3c2_writable_expected_file_fails_closed ... ok
test installation_recovery_evidence_tests::j24k3c3_approval_payload_drift_fails_stale ... FAILED
test installation_recovery_evidence_tests::j24k3c3_approval_candidate_drift_fails_stale ... FAILED
test installation_recovery_evidence_tests::j24k3c3_approval_launch_drift_fails_stale ... FAILED
test installation_recovery_evidence_tests::j24k3c3_approval_conformance_drift_fails_stale ... FAILED
test installation_recovery_evidence_tests::j24k3c3_approval_provider_drift_fails_stale ... FAILED
test installation_recovery_evidence_tests::j24k3c3_approval_reviewed_capability_drift_fails_stale ... FAILED
test installation_recovery_evidence_tests::j24k3c3_approval_trust_drift_fails_stale ... FAILED
test installation_recovery_evidence_tests::j24k3c3_candidate_stale_launch_profile_fails_stale ... FAILED
test installation_recovery_evidence_tests::j24k3c3_candidate_mismatch_fails_stale ... FAILED
test installation_recovery_evidence_tests::j24k3c3_changed_exact_trust_record_fails_stale ... FAILED
test installation_recovery_evidence_tests::j24k3c3_changed_scope_digest_fails_stale ... FAILED
test installation_recovery_evidence_tests::j24k3c3_changed_scope_schema_with_valid_digest_fails_stale ... FAILED
test installation_recovery_evidence_tests::j24k3c3_digest_mismatched_approval_fails_stale ... FAILED
test installation_recovery_evidence_tests::j24k3c3_differently_authorised_trust_fails_stale ... FAILED
test installation_recovery_evidence_tests::j24k3c3_disabled_target_state_passes_validation ... FAILED
test installation_recovery_evidence_tests::j24k3c3_exact_candidate_trust_scope_passes_validation ... FAILED
test installation_recovery_evidence_tests::j24k3c3_genuine_io_failure_maps_to_recovery_io ... FAILED
test installation_recovery_evidence_tests::j24k3c3_installed_record_architecture_drift_fails_stale ... FAILED
test installation_recovery_evidence_tests::j24k3c3_installed_record_approval_drift_fails_stale ... FAILED
test installation_recovery_evidence_tests::j24k3c3_installed_record_capability_drift_fails_stale ... FAILED
test installation_recovery_evidence_tests::j24k3c3_installed_record_disabled_binding_drift_fails_stale ... FAILED
test installation_recovery_evidence_tests::j24k3c3_installed_record_conformance_drift_fails_stale ... FAILED
test installation_recovery_evidence_tests::j24k3c3_installed_record_package_drift_fails_stale ... FAILED
test installation_recovery_evidence_tests::j24k3c3_installed_record_physical_evidence_drift_fails_stale ... FAILED
test installation_recovery_evidence_tests::j24k3c3_installed_record_launch_drift_fails_stale ... FAILED
test installation_recovery_evidence_tests::j24k3c3_installed_record_platform_drift_fails_stale ... FAILED
test installation_recovery_evidence_tests::j24k3c3_installed_record_provider_drift_fails_stale ... FAILED
test installation_recovery_evidence_tests::j24k3c3_installed_record_trust_drift_fails_stale ... FAILED
test installation_recovery_evidence_tests::j24k3c3_invalid_intent_rejected_before_request_or_store ... FAILED
test installation_recovery_evidence_tests::j24k3c3_invalid_schema_fails_stale ... FAILED
test child_process::tests::f2a_regression_live_stderr_not_visible_before_exit ... ok
test installation_recovery_evidence_tests::j24k3c3_missing_approval_fails_stale ... FAILED
test installation_recovery_evidence_tests::j24k3c3_mismatched_launch_profile_digest_fails_stale ... FAILED
test installation_recovery_evidence_tests::j24k3c3_missing_conformance_fails_stale ... FAILED
test installation_recovery_evidence_tests::j24k3c3_missing_candidate_fails_stale ... FAILED
test installation_recovery_evidence_tests::j24k3c3_missing_non_isolated_consent_fails_stale ... FAILED
test installation_recovery_evidence_tests::j24k3c3_quarantined_byte_mutation_fails_stale ... FAILED
test installation_recovery_evidence_tests::j24k3c3_non_passed_conformance_fails_stale ... FAILED
test installation_recovery_evidence_tests::j24k3c3_reconstructed_trust_must_equal_intent_trust_evidence ... FAILED
test installation_recovery_evidence_tests::j24k3c3_old_suite_conformance_fails_stale ... FAILED
test installation_recovery_evidence_tests::j24k3c3_missing_launch_profile_fails_stale ... FAILED
test installation_recovery_execution_tests::j24k3d2_idle_plan_performs_no_mutation ... ok
test installation_recovery_evidence_tests::j24k3c3_missing_exact_trust_fails_stale ... FAILED
test installation_recovery_execution_tests::j24k3d2_missing_install_root_preserves_recovery_io ... ok
test installation_recovery_evidence_tests::j24k3c3_success_leaves_stores_quarantine_and_permissions_unchanged ... FAILED
test installation_recovery_evidence_tests::j24k3c3_scope_schema_match_passes_recovery ... FAILED
test installation_recovery_evidence_tests::j24k3c3_unrelated_evidence_does_not_satisfy_pinned_records ... FAILED
test installation_recovery_execution_tests::j24k3d2_second_idle_call_performs_no_mutation ... ok
test installation_recovery_evidence_tests::j24k3c3_tampered_candidate_record_fails_stale ... FAILED
test installation_recovery_evidence_tests::j24k3c3_valid_chain_passes ... FAILED
test installation_recovery_execution_tests::j24k3d2_completed_publication_removes_only_intent ... FAILED
test installation_recovery_execution_tests::j24k3d2_unsafe_record_root_preserves_unsafe_store_path ... ok
test installation_recovery_execution_tests::j24k3d2_destination_only_publishes_exact_record_then_returns_idle ... FAILED
test installation_recovery_execution_tests::j24k3d2_exact_record_publication_preserves_all_record_fields ... FAILED
test installation_recovery_execution_tests::j24k3d2_destination_publication_requires_completed_replan ... FAILED
test installation_recovery_execution_tests::j24k3d2_record_conflict_retains_intent_and_destination ... FAILED
test installation_recovery_execution_tests::j24k3d2_recovery_never_adopts_or_deletes_final_destination ... FAILED
test installation_recovery_execution_tests::j24k3d2_changed_disposition_conflicts_without_intent_removal ... ok
test installation_recovery_execution_tests::j24k3d2_stale_destination_prevents_publication_and_retains_intent ... FAILED
test installation_recovery_observation_tests::j24k3c1_destination_path_is_file_fails_closed ... ok
test installation_recovery_observation_tests::j24k3c1_destination_only ... ok
test installation_recovery_observation_tests::j24k3c1_all_three_facts ... ok
test installation_recovery_observation_tests::j24k3c1_invalid_intent_rejected_before_state_inspection ... ok
test installation_recovery_observation_tests::j24k3c1_empty_transaction_state ... ok
test installation_recovery_execution_tests::j24k3d2_unrelated_stores_remain_unchanged ... FAILED
test installation_recovery_observation_tests::j24k3c1_duplicate_key_record_json_fails_closed ... ok
test installation_recovery_observation_tests::j24k3c1_malformed_record_json_fails_closed ... ok
test installation_recovery_execution_tests::j24k3d2_intent_only_removes_exact_intent_and_returns_idle ... ok
test installation_recovery_execution_tests::j24k3d2_staging_reparse_state_is_refused_without_target_deletion ... ok
test installation_recovery_observation_tests::j24k3c1_missing_install_root_returns_recovery_io ... ok
test installation_recovery_execution_tests::j24k3d2_never_runs_ordinary_installation_execution ... ok
test installation_recovery_observation_tests::j24k3c1_missing_record_root_returns_recovery_io ... ok
test installation_recovery_observation_tests::j24k3c1_record_path_is_directory_fails_closed ... ok
test installation_recovery_execution_tests::j24k3d2_changed_authoritative_intent_conflicts_without_mutation ... ok
test installation_recovery_observation_tests::j24k3c1_observation_is_read_only_no_mutation ... ok
test installation_recovery_plan_tests::j24k3d1_destination_junction_is_rejected_at_planner_entry ... ignored, Windows junction regression
test installation_recovery_observation_tests::j24k3c1_record_only ... ok
test installation_recovery_observation_tests::j24k3c1_staging_only ... ok
test installation_recovery_execution_tests::j24k3d2_staging_cleanup_failure_retains_intent_and_staging ... ok
test installation_recovery_observation_tests::j24k3c1_staging_path_is_file_fails_closed ... ok
test installation_recovery_observation_tests::j24k3c1_snapshot_to_observation_bridge_preserves_facts ... ok
test installation_recovery_observation_tests::j24k3c1_unix_symlink_staging_path_is_refused ... ok
test installation_recovery_plan_tests::j24k3d1_idle_plan_has_no_intent_or_disposition ... ok
test installation_recovery_plan_tests::j24k3d1_empty_roots_return_idle_plan ... ok
test installation_recovery_observation_tests::j24k3c1_unknown_field_record_json_fails_closed ... ok
test installation_recovery_plan_tests::j24k3d1_record_root_junction_is_rejected_at_planner_entry ... ignored, Windows junction regression
test installation_recovery_plan_tests::j24k3d1_malformed_intent_fails_before_audit ... ok
test installation_recovery_plan_tests::j24k3d1_no_intent_untracked_destination_fails ... ok
test installation_recovery_observation_tests::j24k3c1_unrelated_entries_untouched_and_not_mistaken ... ok
test installation_recovery_execution_tests::j24k3d2_staging_recovery_removes_exact_staging_then_intent ... ok
test installation_recovery_plan_tests::j24k3d1_completed_with_stale_installed_record_fails_evidence_stale ... FAILED
test installation_recovery_plan_tests::j24k3d1_completed_publication_returns_verify_then_remove_intent ... FAILED
test installation_recovery_plan_tests::j24k3d1_completed_publication_still_requires_evidence_and_destination ... FAILED
test installation_recovery_plan_tests::j24k3d1_destination_digest_drift_fails_recovery_conflict ... FAILED
test installation_recovery_plan_tests::j24k3d1_destination_file_set_drift_fails_recovery_conflict ... FAILED
test installation_recovery_plan_tests::j24k3d1_destination_only_with_evidence_returns_revalidate_then_publish ... FAILED
test installation_recovery_plan_tests::j24k3d1_intent_only_returns_remove_intent ... ok
test installation_recovery_plan_tests::j24k3d1_record_without_destination_fails_closed ... ok
test installation_recovery_plan_tests::j24k3d1_destination_size_drift_fails_recovery_conflict ... FAILED
test installation_recovery_plan_tests::j24k3d1_destination_permission_drift_fails_recovery_conflict ... FAILED
test installation_recovery_plan_tests::j24k3d1_destination_symlink_is_rejected_at_planner_entry ... FAILED
test installation_recovery_plan_tests::j24k3d1_record_root_symlink_is_rejected_at_planner_entry ... FAILED
test installation_recovery_plan_tests::j24k3d1_staging_and_destination_fails_conflict ... ok
test installation_recovery_execution_tests::j24k3d2_staging_cleanup_requires_intent_only_replan ... ok
test installation_recovery_plan_tests::j24k3d1_removed_open_install_root_returns_recovery_io ... FAILED
test installation_recovery_tests::j24k3b_classification_does_not_alter_supplied_intent_or_record ... ok
test installation_recovery_tests::j24k3b_destination_plus_invalid_record_conflicts ... ok
test installation_recovery_tests::j24k3b_intent_only_returns_remove_intent_only ... ok
test installation_recovery_tests::j24k3b_intent_plus_destination_only_returns_revalidate_then_publish ... ok
test installation_recovery_tests::j24k3b_destination_plus_different_valid_record_conflicts ... ok
test installation_recovery_plan_tests::j24k3d1_staging_only_does_not_require_evidence_stores ... ok
test installation_recovery_tests::j24k3b_intent_plus_destination_plus_matching_record_returns_verify_then_remove ... ok
test installation_recovery_tests::j24k3b_invalid_intent_reported_before_state_classification ... ok
test installation_recovery_tests::j24k3b_intent_plus_staging_only_returns_remove_staging_then_intent ... ok
test installation_recovery_plan_tests::j24k3d1_staging_only_returns_remove_staging_then_intent ... ok
test installation_recovery_tests::j24k3b_invalid_record_without_destination_conflicts ... ok
test installation_request::tests::parses_exact_request ... ok
test installation_request::tests::rejects_bom_before_json_parsing ... ok
test installation_recovery_tests::j24k3b_record_without_destination_without_staging_conflicts ... ok
test local_anchor::tests::corrupted_record_refuses_restart ... ok
test local_anchor::tests::duplicate_envelope_field_is_rejected ... ok
test installation_recovery_plan_tests::j24k3d1_stale_conformance_pin_fails_evidence_stale ... FAILED
test lantern_authority::tests::http_provider_uses_bounded_versioned_exchange ... ok
test installation_recovery_tests::j24k3b_staging_plus_destination_plus_invalid_record_conflicts ... ok
test installation_recovery_plan_tests::j24k3d1_stale_candidate_pin_fails_evidence_stale ... FAILED
test local_anchor::tests::root_anchor_is_generation_zero ... ok
test local_anchor::tests::identity_mismatch_is_refused_before_admission ... ok
test installation_recovery_plan_tests::j24k3d1_stale_launch_pin_fails_evidence_stale ... FAILED
test installation_recovery_plan_tests::j24k3d1_stale_approval_pin_fails_evidence_stale ... FAILED
test manifest::tests::allow_repeated_keys_in_different_sibling_objects ... ok
test local_anchor::tests::notification_acknowledges_only_after_admission ... ok
test manifest::tests::c1c_accept_argument_key_with_write_effects_and_retries ... ok
test manifest::tests::c1c_accept_array_output_schema_with_items ... ok
test installation_recovery_plan_tests::j24k3d1_stale_request_pin_fails_evidence_stale ... FAILED
test local_anchor::tests::same_id_different_digest_is_conflict ... ok
test manifest::tests::c1c_accept_none_mechanism_with_read_only_effects_and_retries ... ok
test manifest::tests::c1c_accept_none_mechanism_with_write_effects_and_zero_retries ... ok
test installation_recovery_tests::j24k3b_staging_plus_destination_plus_matching_record_conflicts ... ok
test manifest::tests::c1c_accept_typed_output_schema ... ok
test manifest::tests::c1c_accept_primitive_output_schema ... ok
test manifest::tests::c1c_fully_valid_manifest_passes_semantics ... ok
test installation_recovery_plan_tests::j24k3d1_stale_trust_pin_fails_evidence_stale ... FAILED
test installation_recovery_tests::j24k3b_staging_plus_destination_without_record_conflicts ... ok
test installation_recovery_plan_tests::j24k3d1_untracked_sibling_destination_fails ... FAILED
test installation_recovery_tests::j24k3b_same_installed_id_different_fields_still_conflicts ... ok
test manifest::tests::c1c_idempotency_retry_inconsistency_blocks_digest ... ok
test manifest::tests::c1c_null_scope_requires_per_call_confirmation ... ok
test local_anchor::tests::same_id_same_digest_is_duplicate_after_restart ... ok
test manifest::tests::c1c_null_scope_with_per_call_required_is_valid ... ok
test manifest::tests::c1c_output_schema_bool_false_accepted ... ok
test manifest::tests::c1c_read_substring_without_suffix_is_effectful ... ok
test installation_recovery_tests::j24k3b_staging_plus_record_without_destination_conflicts ... ok
test manifest::tests::c1c_reject_bool_true_output_schema ... ok
test manifest::tests::c1c_reject_empty_output_schema_object ... ok
test installation_recovery_plan_tests::j24k3d1_successful_planning_route_is_read_only ... FAILED
test manifest::tests::c1c_reject_none_mechanism_with_network_access_and_retries ... ok
test manifest::tests::c1c_reject_none_mechanism_with_write_effects_and_retries ... ok
test manifest::tests::c1c_reject_none_mechanism_with_mixed_read_write_and_retries ... ok
test installation_recovery_tests::j24k3b_repeated_classification_is_deterministic ... ok
test manifest::tests::c1c_schemas_remain_opaque_beyond_output_constraint_check ... ok
test manifest::tests::c1c_scoped_permission_without_per_call_is_valid ... ok
test manifest::tests::c2a_duplicate_keys_rejected_before_verification ... ok
test manifest::tests::c2a_escaped_equivalent_duplicate_keys_rejected_before_verification ... ok
test manifest::tests::c2a_malformed_json_rejected_before_verification ... ok
test manifest::tests::c1c_structurally_valid_but_semantically_invalid_is_rejected ... ok
test manifest::tests::c1c_semantic_rejection_blocks_digest ... ok
test manifest::tests::c2a_covered_field_change_requires_digest_change ... ok
test manifest::tests::c2a_invalid_type_rejected_before_verification ... ok
test manifest::tests::c2a_number_domain_takes_precedence_over_missing_digest ... ok
test manifest::tests::c2a_excluded_title_does_not_affect_digest ... ok
test manifest::tests::c2a_reject_array_digest ... ok
test manifest::tests::c2a_reject_missing_digest ... ok
test manifest::tests::c2a_only_correctly_formatted_unequal_digest_returns_mismatch ... ok
test manifest::tests::c2a_reject_null_digest ... ok
test manifest::tests::c2a_reject_object_digest ... ok
test manifest::tests::c2a_reject_empty_digest_string ... ok
test manifest::tests::c2a_reject_numeric_digest ... ok
test manifest::tests::c2a_reject_leading_whitespace ... ok
test manifest::tests::c2a_reject_correct_syntax_wrong_digest ... ok
test manifest::tests::c2a_reject_non_hex_characters ... ok
test manifest::tests::c2a_nested_digest_in_schema_is_digest_covered ... ok
test manifest::tests::c2a_reject_too_many_hex ... ok
test manifest::tests::c2a_trailing_tokens_rejected_before_verification ... ok
test manifest::tests::c2a_semantic_error_rejected_before_verification ... ok
test manifest::tests::c2a_reject_too_few_hex ... ok
test manifest::tests::c2a_reject_uppercase_algorithm_prefix ... ok
test manifest::tests::c2a_semantic_error_takes_precedence_over_malformed_digest ... ok
test manifest::tests::c2a_reject_wrong_prefix ... ok
test manifest::tests::c2a_reject_uppercase_hex ... ok
test manifest::tests::c2a_reject_trailing_whitespace ... ok
test manifest::tests::c2a_unknown_field_rejected_before_verification ... ok
test manifest::tests::canonical_arrays_retain_order_nested_objects_sorted ... ok
test manifest::tests::c2a_unsafe_number_domain_rejected_before_verification ... ok
test manifest::tests::canonical_number_serialization ... ok
test manifest::tests::c2a_valid_syntax_malformed_digest_returns_invalid_value ... ok
test manifest::tests::canonical_sorts_objects_recursively ... ok
test manifest::tests::canonical_preserves_unicode_without_normalization ... ok
test manifest::tests::c2a_verified_manifest_constructed_only_through_verify ... ok
test manifest::tests::canonical_uses_utf16_code_unit_ordering ... ok
test manifest::tests::c2a_verify_valid_manifest_with_correct_digest ... ok
test manifest::tests::duplicate_key_input_cannot_reach_digest ... ok
test manifest::tests::c2a_verified_digest_is_calculated_not_supplied ... ok
test manifest::tests::escaped_equivalent_duplicate_key_cannot_reach_digest ... ok
test manifest::tests::c1c_semantic_fields_remain_digest_covered ... ok
test manifest::tests::malformed_json_cannot_reach_digest ... ok
test manifest::tests::invalid_authoritative_field_type_cannot_reach_digest ... ok
test manifest::tests::golden_vector_read_manifest_stability ... ok
test manifest::tests::c2a_supplied_digest_is_excluded_from_canonical_input ... ok
test manifest::tests::invalid_excluded_display_field_type_is_rejected_before_filtering ... ok
test manifest::tests::input_schema_accepts_arbitrary_keywords ... ok
test manifest::tests::null_permission_scope_is_unrestricted ... ok
test manifest::tests::digest_stable_across_repeated_calls ... ok
test manifest::tests::reject_duplicate_key_deep_in_input_schema ... ok
test manifest::tests::out_of_domain_integer_cannot_reach_digest ... ok
test manifest::tests::covered_field_change_changes_digest ... ok
test manifest::tests::parse_minimal_read_manifest ... ok
test manifest::tests::reject_duplicate_key_deep_in_output_schema ... ok
test manifest::tests::parse_write_manifest_with_argument_key ... ok
test manifest::tests::parse_server_dedup_idempotency ... ok
test manifest::tests::manifest_format_version_is_digest_covered ... ok
test manifest::tests::reject_duplicate_key_in_nested_object ... ok
test manifest::tests::reject_duplicate_top_level_key ... ok
test manifest::tests::reject_escaped_equivalent_duplicate_key_in_schema ... ok
test manifest::tests::reject_invalid_binding_kind ... ok
test manifest::tests::reject_invalid_idempotency_mechanism ... ok
test manifest::tests::reject_invalid_identity_source ... ok
test manifest::tests::reject_invalid_permission_scope_kind ... ok
test manifest::tests::reject_malformed_json ... ok
test manifest::tests::reject_invalid_reversibility_enum ... ok
test manifest::tests::reject_missing_capability_name ... ok
test manifest::tests::reject_non_string_effects_element ... ok
test manifest::tests::nested_display_field_names_are_digest_covered ... ok
test manifest::tests::reject_unknown_manifest_format_version ... ok
test manifest::tests::reject_trailing_json_after_manifest ... ok
test manifest::tests::reject_unknown_nested_field_in_confirmation ... ok
test manifest::tests::rfc8785_official_sample ... ok
test manifest::tests::reject_unknown_provider_field ... ok
test manifest::tests::reject_wrong_type_for_capability_version ... ok
test manifest::tests::reject_unknown_top_level_field ... ok
test manifest::tests::provider_description_is_digest_covered ... ok
test manifest::tests::trailing_tokens_cannot_reach_digest ... ok
test openshell_executor::tests::child_configuration_does_not_inherit_ambient_environment ... ok
test openshell_executor::tests::command_is_fixed_to_the_approved_sandbox_path ... ok
test manifest::tests::unknown_field_pointer_escapes_json_pointer_segments ... ok
test manifest::tests::unknown_field_cannot_reach_digest ... ok
test operational_scope::tests::rejects_empty_fields ... ok
test operational_scope::tests::creates_and_validates_minimal_scope ... ok
test outcome::tests::deterministic_clock_advances_only_when_directed ... ok
test operational_scope::tests::different_scope_yields_different_digest ... ok
test operational_scope::tests::digest_deterministic_across_calls ... ok
test outcome::tests::redaction_is_stable_bounded_and_contains_no_private_diagnostic ... ok
test operational_scope::tests::tampered_digest_detected_by_validate ... ok
test package::tests::digest_syntax_is_strict ... ok
test operational_scope::tests::tampered_json_detected_by_validate ... ok
test package::tests::package_paths_reject_windows_escape_forms ... ok
test plan_command::tests::invalid_input_keeps_machine_schema_and_no_execution_claim ... ok
test plan_command::tests::no_actions_is_successful_and_has_no_proposed_plan ... ok
test plan_command::tests::planner_error_preserves_correlated_error_and_zero_effects ... ok
test package::tests::frozen_zip_profile_refuses_comments_and_nonordinary_unix_metadata ... ok
test manifest::tests::schemas_are_digest_covered ... ok
test plan_command::tests::valid_plan_preserves_zero_one_and_multiple_actions ... ok
test plan_execution::tests::action_in_more_than_one_group_rejected ... ok
test plan_execution::tests::action_without_action_id_rejected ... ok
test plan_execution::tests::duplicate_group_id_rejected ... ok
test plan_execution::tests::duplicate_member_within_group_rejected ... ok
test plan_execution::tests::empty_actions_rejected ... ok
test plan_execution::tests::empty_group_rejected ... ok
test plan_execution::tests::groups_absent_produces_ordinary_sequential_plan ... ok
test plan_execution::tests::malformed_group_entries_rejected ... ok
test plan_execution::tests::non_contiguous_members_rejected ... ok
test plan_execution::tests::one_member_group_rejected ... ok
test plan_execution::tests::reversed_member_order_rejected ... ok
test package::tests::hostile_archive_paths_and_collisions_fail_closed ... ok
test manifest::tests::top_level_display_fields_excluded_from_digest ... ok
test plan_execution::tests::two_sibling_groups_with_sequential_items_build_correct_schedule ... ok
test plan_execution::tests::unknown_member_action_id_rejected ... ok
test plug_command::tests::j24a_invalid_extension_maps_to_invalid_data ... ok
test plug_command::tests::j24b_latest_transition_selection_uses_sequence_not_filename_order ... ok
test plug_command::tests::j24f_relative_stage_paths_are_rejected_before_service_call ... FAILED
test plug_command::tests::j24a_missing_package_maps_to_unavailable ... ok
test plug_command::tests::j24f_stage_error_mapping_uses_only_error_code ... ok
test plan_execution::tests::valid_group_builds_one_group_item ... ok
test plug_command::tests::r1b_missing_required_property_fails ... ok
test plug_command::tests::r1b_numeric_maximum_fails ... ok
test plug_command::tests::r1b_nested_duplicate_scope_key_fails ... ok
test plug_command::tests::r1b_numeric_minimum_fails ... ok
test plug_command::tests::r1b_unknown_property_fails_when_additional_properties_false ... ok
test plug_command::tests::r1b_unsupported_schema_keyword_fails ... ok
test plug_command::tests::r1b_valid_scope_passes ... ok
test plug_command::tests::r1b_schema_digest_from_installed_evidence_remains_unchanged ... ok
test plug_command::tests::r1b_wrong_property_type_fails ... ok
test child_process::tests::f2a_timeout_remains_timeout_with_stderr_available ... ok
test plug_conform::tests::p2b_cleanup_failure_overrides_failed_conform ... ok
test plug_command::tests::r1b_valid_scope_creates_deterministic_evidence ... ok
test plug_conform::tests::p2b_cleanup_failure_safe_message_has_no_path ... ok
test plug_conform::tests::p2b_cleanup_success_preserves_failed_result ... ok
test plug_conform::tests::p2b_cleanup_success_preserves_ok_result ... ok
test plug_conform::tests::p2b_scratch_cleanup_failure_overrides_ok ... ok
test plug_conform::tests::p2b_workspace_cleanup_failure_overrides_ok ... ok
test plug_command::tests::r1c_schema_digest_unchanged_by_canonicalization ... ok
test plug_install_command::tests::j24l2_already_complete_maps_success ... ok
test plug_install_command::tests::j24l2_completed_four_step_maps_action_strings_and_installed_evidence ... ok
test plug_command::tests::r1c_deterministic_canonical_evidence ... ok
test plug_command::tests::r1c_evidence_stores_canonical_path_not_original ... ok
test plug_install_command::tests::j24l2_conformance_step_includes_optional_fields ... ok
test plug_install_command::tests::j24l2_contradictory_passed_non_advance_fails_closed ... ok
test plug_install_command::tests::j24l2_error_code_and_message_survive_mapping ... ok
test plug_install_command::tests::j24l2_error_status_mapping_follows_explicit_table ... ok
test plug_install_command::tests::j24l2_failed_conformance_maps_status_6 ... ok
test plug_install_command::tests::j24l2_interrupted_conformance_maps_status_10 ... ok
test plug_install_command::tests::j24l2_invalidated_non_advancing_fails_closed ... ok
test plug_install_command::tests::j24l2_missing_host_data_root_returns_unavailable ... FAILED
test plug_install_command::tests::j24l2_malformed_request_creates_no_lifecycle_state ... ok
test plug_install_command::tests::j24l2_missing_installed_pins_fails_closed ... ok
test plug_install_command::tests::j24l2_optional_step_fields_omitted_not_null ... ok
test plug_install_command::tests::j24l2_missing_candidate_roots_creates_no_later_lifecycle_roots ... ok
test plug_install_command::tests::j24l2_relative_host_data_root_returns_error_creates_nothing ... ok
test plug_install_command::tests::j24l2_relative_request_path_returns_error_creates_nothing ... FAILED
test plug_install_command::tests::j24l2_unlisted_errors_default_to_invalid_data ... ok
test plug_pack::tests::p2a_refuses_relative_output ... ok
test plug_pack::tests::p2a_refuses_relative_source ... ok
test plug_pack::tests::p2a_refuses_existing_output ... ok
test plug_pack::tests::p2a_refuses_duplicate_json_key ... ok
test plug_pack::tests::p2a_refuses_wrong_extension ... FAILED
test plug_pack::tests::p2a_refuses_malformed_plug_json ... ok
test plug_pack::tests::p2a_refuses_signatures_root ... ok
test plug_pack::tests::p2a_refuses_source_root_symlink ... ok
test policy::tests::declared_but_not_admitted_returns_unavailable ... ok
test plug_pack::tests::p2a_no_output_left_on_failure ... ok
test package::tests::frozen_zip_profile_refuses_multidisk_zip64_encryption_compression_and_directories ... ok
test package::tests::payload_index_is_a_bidirectional_complete_file_set ... ok
test plug_pack::tests::p2a_refuses_wrong_supplied_manifest_digest ... ok
test plug_pack::tests::p2a_refuses_undeclared_payload ... ok
test plug_pack::tests::p2a_refuses_missing_payload ... ok
test policy::tests::default_posture_applies_to_unknown_capabilities ... ok
test plug_pack::tests::p2a_wrong_digest_in_manifest_json_is_refused ... ok
test policy::tests::declared_but_provider_unavailable_returns_unavailable ... ok
test policy::tests::declared_same_name_different_version_but_not_admitted_returns_unavailable ... ok
test policy::tests::declared_live_admitted_ask_policy_returns_ask ... ok
test policy::tests::declared_live_admitted_deny_policy_returns_deny ... ok
test policy::tests::declared_live_admitted_allow_policy_returns_allow ... ok
test policy::tests::declared_version_1_but_requesting_version_2_returns_deny ... ok
test policy::tests::deny_cannot_be_overridden_by_declaration ... ok
test package::tests::stored_and_deflated_archives_have_distinct_raw_but_equal_semantic_identity ... ok
test policy::tests::effective_policy_denies_input_schema_violation ... ok
test plug_pack::tests::p2a_refuses_publication_collision ... ok
test policy::tests::effective_policy_denies_empty_plan_id ... ok
test policy::tests::effective_policy_denies_missing_bridge_capability_version_pin ... ok
test policy::tests::effective_policy_denies_scope_not_established_before_local_allow ... ok
test policy::tests::effective_policy_denies_missing_manifest_digest_pin ... ok
test policy::tests::effective_policy_denies_missing_bridge_provider_identity_pin ... ok
test policy::tests::effective_policy_denies_scope_violation_before_local_allow ... ok
test plug_pack::tests::p2a_source_plug_json_unchanged ... ok
test policy::tests::effective_policy_denies_empty_action_id ... ok
test policy::tests::effective_policy_reports_unavailable_for_no_admitted_manifest ... ok
test policy::tests::effective_policy_denies_undeclared_capability ... ok
test policy::tests::effective_policy_exact_deny_overrides_default_allow ... ok
test policy::tests::effective_policy_denies_empty_evaluation_id ... ok
test package::tests::quarantine_and_candidate_stay_host_owned_and_detect_mutation_and_conflict ... ok
test policy::tests::insert_override_is_retrievable ... ok
test policy::tests::effective_policy_reports_unavailable_for_stale_manifest_digest ... ok
test policy::tests::effective_policy_reports_unavailable_for_absent_provider ... ok
test policy::tests::exact_version_ask_override_works ... ok
test policy::tests::evaluation_is_read_only ... ok
test plug_pack::tests::p2a_pack_then_inspect_succeeds ... ok
test policy::tests::effective_policy_reports_unavailable_for_provider_identity_mismatch ... ok
test policy::tests::effective_policy_is_deterministic_across_repeated_calls ... ok
test policy::tests::effective_policy_unrestricted_scope_ignores_scope_assessment ... ok
test policy::tests::requirement_matches_exact_name_and_version ... ok
test policy::tests::effective_policy_valid_arguments_reach_allow ... ok
test policy::tests::effective_policy_valid_arguments_reach_ask ... ok
test policy::tests::exact_version_deny_override_works ... ok
test policy::tests::unavailable_is_not_deny ... ok
test policy::tests::exact_version_override_applies_to_its_identity ... ok
test policy::tests::effective_policy_manifest_confirmation_overrides_local_allow ... ok
test policy::tests::per_capability_override_takes_precedence ... ok
test plug_pack::tests::p2a_pack_with_manifest_digest_in_manifest_succeeds ... ok
test policy::tests::permission_evaluation_has_no_side_effects ... ok
test policy::tests::resolved_capability_with_allow_policy_returns_allow ... ok
test policy::tests::resolved_capability_with_deny_policy_returns_deny ... ok
test provider::tests::configured_exact_version_is_admitted ... ok
test provider::tests::admit_write_manifest_succeeds ... ok
test provider::tests::admit_read_manifest_succeeds ... ok
test policy::tests::live_admitted_but_undeclared_returns_deny ... ok
test policy::tests::unavailable_takes_precedence_over_explicit_deny_for_declared_capability ... ok
test provider::tests::empty_allow_list_rejects_everything ... ok
test policy::tests::resolved_but_undeclared_returns_deny ... ok
test provider::tests::identity_comparison_is_case_sensitive ... ok
test replay::tests::different_evaluations_are_distinct ... ok
test replay::tests::chain_cannot_skip_armed ... ok
test provider::tests::pinned_digest_mismatch_rejects ... ok
test policy::tests::resolved_same_name_different_version_does_not_authorise_other_requirement ... ok
test policy::tests::same_name_other_version_does_not_inherit_override_and_uses_default ... ok
test provider::tests::pinned_digest_match_admits ... ok
test replay::tests::claim_round_trip_is_exact_canonical_and_redacted ... ok
test replay::tests::sibling_actions_are_distinct ... ok
test provider::tests::reject_manifest_for_capability_not_in_allow_list ... ok
test provider::tests::admit_both_capabilities_succeeds ... ok
test resolve_guard::tests::guard_reference_is_bounded_and_never_debug_leaks_value ... ok
test resolve_guard::tests::scope_keys_are_sorted_and_duplicate_free ... ok
test provider::tests::reject_manifest_with_wrong_provider_identity ... ok
test plug_pack::tests::p2a_pack_is_deterministic ... ok
test provider::tests::idempotent_readmission_returns_already_present ... ok
test replay::tests::non_canonical_or_unknown_claim_is_rejected ... ok
test resolve_guard::tests::malformed_and_future_proofs_fail_closed ... ok
test resolve_guard::tests::every_material_proof_field_is_exactly_compared ... ok
test resolve_guard::tests::adapter_receives_host_execution_identity_request ... ok
test resolve_guard::tests::scope_keys_are_stable_opaque_and_explicit ... ok
test resolve_outcome::tests::contradictory_outcome_is_rejected_before_adapter ... ok
test resolve_outcome::tests::adapter_conflict_is_durable_and_does_not_change_provider_outcome ... ok
test replay::tests::generation_three_is_not_representable_or_parseable ... ok
test resolve_guard::tests::proof_digest_and_projection_are_deterministic_without_raw_values ... ok
test resolve_outcome::tests::exact_repeat_is_idempotent_and_never_reexecutes_provider ... ok
test resolve_outcome::tests::delivery_failure_preserves_known_outcome_and_recovery_state ... ok
test resolve_outcome::tests::delivered_is_terminal_even_after_restart_and_trail_failure ... ok
test replay::tests::substituted_execution_identity_is_rejected ... ok
test provider::tests::identity_conflict_through_admission_preserves_store ... ok
test resolve_outcome::tests::indeterminate_retry_reopens_delivery_attempt_without_provider_access ... ok
test resolve_transport::tests::live_resolve_s3_rejects_revoked_guard ... ignored, requires the accepted Resolve service and a revoked guard
test resolve_transport::tests::live_resolve_s3_smoke_records_and_redelivers_exact_outcome ... ignored, requires the accepted Resolve service and Firestore emulator
test resolve_guard::tests::adapter_error_is_closed_to_indeterminate ... ok
test resolve_outcome::tests::pending_recovery_retries_without_reappending_pending ... ok
test resolve_outcome::tests::all_three_outcomes_are_closed_and_distinct ... ok
test resolve_transport::tests::accepted_resolve_fixtures_share_the_digest_convention ... ok
test resolve_outcome::tests::exact_repeat_is_idempotent_for_each_closed_outcome ... ok
test resolve_outcome::tests::malformed_delivery_histories_fail_closed_on_reopen ... ok
test resolver::tests::all_requirements_fail_produces_empty_projection ... ok
test resolver::tests::availability_contains_expected_identities ... ok
test resolver::tests::availability_from_empty_iterator_is_empty ... ok
test resolve_outcome::tests::file_store_reopens_delivery_state_without_provider_access ... ok
test provider::tests::reject_same_capability_name_with_different_version_before_store_mutation ... ok
test resolver::tests::no_admitted_manifest_fails ... ok
test resolver::tests::live_provider_without_admitted_manifest_does_not_resolve ... ok
test resolve_transport::tests::secure_mode_rejects_http_and_redirects_are_not_followed ... ok
test resolve_transport::tests::outcome_response_ack_is_strict_and_digest_bound ... ok
test resolve_transport::tests::valid_admission_serialises_exact_request_and_verifies_digest ... ok
test resolver::tests::exact_version_mismatch_omitted_from_projection ... ok
test resolver::tests::empty_availability_rejects_all ... ok
test resolver::tests::empty_requirements_produces_empty_projection ... ok
test resolver::tests::available_provider_resolves_unavailable_does_not ... ok
test resolver::tests::missing_admission_omitted_from_projection ... ok
test resolver::tests::different_provider_available_does_not_help ... ok
test resolver::tests::different_version_does_not_resolve ... ok
test resolver::tests::multiple_declared_requirements_all_project ... ok
test result_anchor::tests::provider_error_anchor_has_error_code_and_nested_capability ... ok
test result_anchor::tests::result_validation_failed_anchor_has_error_code_and_no_result ... ok
test result_anchor::tests::serialized_failed_anchor_omits_result_field ... ok
test result_anchor::tests::serialized_succeeded_uses_nested_capability_name_path ... ok
test result_anchor::tests::succeeded_anchor_has_correct_identities_and_nested_capability ... ok
test resolver::tests::declared_requirement_projects_when_admitted_and_available ... ok
test run_command::tests::j13b_run_approval_envelope_has_no_approval_id ... ok
test run_command::tests::j13b_run_every_execution_service_result_has_frozen_envelope_mapping ... ok
test run_command::tests::j13b_run_initial_admission_is_external_durable_and_host_owned ... ok
test run_command::tests::j13b_run_paths_canonicalise_only_regular_config_engine_and_input_files ... ok
test resolver::tests::projection_is_deterministic ... ok
test run_command::tests::j13b_run_requires_one_typed_service_result_and_derives_exit_from_status ... ok
test run_command::tests::j13b_run_service_errors_have_safe_frozen_statuses ... ok
test resolver::tests::provider_identity_mismatch ... ok
test resolver::tests::projection_is_read_only ... ok
test run_input::tests::j13b_run_rejects_duplicate_keys_at_every_depth ... ok
test run_input::tests::j13b_run_strict_input_shape_preserves_supplied_identifiers ... ok
test resolver::tests::repeated_resolution_is_stable ... ok
test run_input::tests::j13b_run_rejects_unknown_and_host_owned_fields ... ok
test run_input::tests::j13b_run_validates_every_declared_field_boundary ... ok
test runtime_config::tests::c3_a4_config_explicit_one_accepted ... ok
test resolver::tests::resolve_write_capability ... ok
test runtime_config::tests::c3_a4_config_explicit_two_accepted ... ok
test resolver::tests::resolution_is_read_only ... ok
test resolver::tests::resolve_without_expected_provider_succeeds ... ok
test runtime_config::tests::c3_a4_config_larger_value_accepted ... ok
test runtime_config::tests::c3_a4_config_omission_defaults_to_two ... ok
test runtime_config::tests::c3_a4_config_wrong_type_float_rejected ... ok
test runtime_config::tests::c3_a4_config_wrong_type_null_rejected ... ok
test runtime_config::tests::c3_a4_config_wrong_type_string_rejected ... ok
test run_command::tests::j13b_run_admits_before_invoking_the_service_boundary ... ok
test resolver::tests::unavailable_provider_identity_omitted_from_projection ... ok
test resolver::tests::unavailable_provider_omitted_from_projection ... ok
test run_command::tests::j13b_run_standing_allow_fixture_has_a_reviewed_canonical_digest ... ok
test runtime_config::tests::c3_a4_config_zero_is_rejected ... ok
test runtime_config::tests::core9a_t11_empty_contract_digest_rejected ... ok
test runtime_config::tests::core9a_t11_empty_capability_id_rejected ... ok
test runtime_config::tests::core9a_t11_empty_core_version_rejected ... ok
test runtime_config::tests::core9a_t11_empty_host_snapshot_key_rejected ... ok
test runtime_config::tests::core9a_t11_empty_fact_id_rejected ... ok
test runtime_config::tests::core9a_t10_ambiguous_runtime_name ... ok
test runtime_config::tests::core9a_t11_empty_program_id_rejected ... ok
test runtime_config::tests::core9a_t11_empty_schema_description_rejected ... ok
test runtime_config::tests::core9a_t11_empty_runtime_name_rejected ... ok
test runtime_config::tests::core9a_t11_empty_source_name_cap_rejected ... ok
test runtime_config::tests::core9a_t1_existing_config_without_core_env_valid ... ok
test runtime_config::tests::core9a_t2_explicit_environment_parses ... ok
test runtime_config::tests::core9a_t11_empty_source_name_fact_rejected ... ok
test resolver::tests::same_name_v2_version_is_separate_admission ... ok
test runtime_config::tests::core9a_t5_manifest_digest_distinct_from_contract ... ok
test resolver::tests::resolve_admitted_available_capability ... ok
test runtime_config::tests::core9a_t4_four_capability_identities_differ ... ok
test runtime_config::tests::core9a_t6_explicit_fact_identities ... ok
test runtime_config::tests::core9a_t3_program_id_not_derived ... ok
test runtime_config::tests::j12_packet1_duplicate_key_rejected ... ok
test runtime_config::tests::core9a_t8_invalid_scalar_type_rejected ... ok
test runtime_config::tests::j12_packet1_absolute_manifest_path_rejected ... FAILED
test runtime_config::tests::j12_packet1_absolute_source_path_rejected ... FAILED
test runtime_config::tests::j12_packet1_duplicate_policy_rule_rejected ... ok
test runtime_config::tests::core9a_t9_missing_runtime_name_target ... ok
test runtime_config::tests::j12_packet1_duplicate_provider_capability_rejected ... ok
test runtime_config::tests::j12_packet1_duplicate_requirement_rejected ... ok
test runtime_config::tests::j12_packet1_duplicate_provider_id_rejected ... ok
test runtime_config::tests::core9a_t7_scalar_types_all_accepted ... ok
test runtime_config::tests::j12_packet1_duplicate_tether_identity_rejected ... ok
test runtime_config::tests::j12_packet1_empty_manifest_path_rejected ... ok
test runtime_config::tests::j12_packet1_empty_provider_id_rejected ... ok
test runtime_config::tests::j12_packet1_empty_scope_pointer_rejected ... ok
test runtime_config::tests::j12_packet1_invalid_pinned_digest_rejected ... ok
test runtime_config::tests::j12_packet1_empty_tether_list_rejected ... ok
test runtime_config::tests::j12_packet1_empty_source_path_rejected ... ok
test runtime_config::tests::j12_packet1_missing_format_version_rejected ... ok
test runtime_config::tests::j12_packet1_manifest_duplicate_key_unchanged ... ok
test runtime_config::tests::j12_packet1_malformed_scope_pointer_rejected ... ok
test runtime_config::tests::j12_packet1_loaded_config_resolves_relative_paths ... ok
test runtime_config::tests::j12_packet1_materialization_produces_correct_policy ... ok
test runtime_config::tests::j12_packet1_materialization_produces_correct_requirements ... ok
test runtime_config::tests::j12_packet1_missing_provider_capability_rejected ... ok
test runtime_config::tests::j12_packet1_policy_rule_undeclared_rejected ... ok
test runtime_config::tests::j12_packet1_provider_materialization_preserves_scope ... ok
test runtime_config::tests::j12_packet1_same_name_different_version_scoped_not_rejected ... ok
test runtime_config::tests::j12_packet1_non_deny_default_rejected ... ok
test runtime_config::tests::j12_packet1_tether_order_preserved ... ok
test runtime_config::tests::j12_packet1_unknown_field_rejected ... ok
test runtime_config::tests::j12_packet1_scoped_identity_duplicated_in_another_provider_rejected ... ok
test runtime_config::tests::j12_packet1_scoped_identity_duplicate_order_independent ... ok
test runtime_config::tests::j12_packet1_provider_config_from_materialization ... ok
test runtime_config::tests::j12_packet1_unused_provider_capability_rejected ... ok
test socket::tests::catalogue_change_blocks_invocation_before_transport ... ok
test runtime_config::tests::j12_packet1_zero_capability_version_rejected ... ok
test runtime_config::tests::j12_packet1_unsupported_transport_rejected ... ok
test runtime_config::tests::j12_packet1_valid_minimal_configuration_parses ... ok
test runtime_config::tests::j12_packet2_duplicate_unscoped_across_providers_rejected ... ok
test runtime_config::tests::j12_packet1_wrong_format_version_rejected ... ok
test stdio_provider::tests::capability_absent_from_host_allow_list_fails_before_launch ... ok
test resolve_transport::tests::malformed_and_mismatched_responses_never_admit ... ok
test run_command::tests::j13b_run_rejections_do_not_reach_the_service_boundary ... ok
test stdio_provider::tests::missing_host_digest_pin_fails_before_launch ... ok
test host_execution::tests::j13b_one_retained_provider_serves_multiple_calls_with_monotonic_ids ... FAILED
test child_process::tests::f2a_bounded_stderr_tail ... ok
test resolve_transport::tests::response_bound_and_timeout_fail_closed ... ok
test stdio_provider::tests::nonexistent_command_fails_closed_without_admission ... ok
test host_execution::tests::m1_host_schema_drift_invalidates_binding_before_invocation ... ok
test host_execution::tests::m1_host_bounded_rediscovery_retains_exact_unchanged_binding ... ok
test stdio_provider::tests::admitted_fixture_resolves_only_when_host_reports_it_available ... FAILED
test stdio_provider::tests::tampered_trusted_manifest_digest_fails_before_launch ... ok
test stdio_provider::tests::wrong_host_capability_version_fails_before_launch ... ok
test stdio_provider::tests::wrong_host_digest_pin_fails_before_launch ... ok
test stdio_provider::tests::wrong_host_identity_fails_before_launch ... ok
test stdio_provider::tests::j13b_provider_is_unavailable_without_matching_live_discovery_evidence ... FAILED
test trail_command::tests::f3e1_truncated_final_line_maps_to_audit_failed ... ok
test trail_command::tests::j13c_blank_line_maps_to_audit_failed ... ok
test trail_command::tests::j13c_crlf_preserves_internal_data ... ok
test trail_command::tests::j13c_directory_path_rejected ... ok
test trail_command::tests::j13c_duplicate_json_key_maps_to_audit_failed ... ok
test trail_command::tests::j13c_exact_original_text_in_entries ... ok
test trail_command::tests::j13c_execution_id_validated_before_file_access ... ok
test trail_command::tests::j13c_lf_and_crlf_produce_equivalent_entry_selection ... ok
test trail_command::tests::j13c_malformed_execution_id_rejected ... ok
test trail_command::tests::j13c_malformed_json_maps_to_audit_failed ... ok
test trail_command::tests::j13c_malformed_later_prevents_all_output ... ok
test trail_command::tests::j13c_matching_entries_returned_in_original_order ... ok
test trail_command::tests::j13c_missing_trail_file_maps_to_not_found ... FAILED
test trail_command::tests::j13c_no_partial_success_when_later_line_malformed ... ok
test trail_command::tests::j13c_non_object_json_maps_to_audit_failed ... ok
test trail_command::tests::j13c_non_string_execution_id_maps_to_audit_failed ... ok
test trail_command::tests::j13c_not_found_envelope_contains_no_invented_entries ... ok
test trail_command::tests::j13c_oversize_line_maps_to_audit_failed ... ok
test trail_command::tests::j13c_preserves_internal_spaces ... ok
test trail_command::tests::j13c_preserves_non_alphabetical_key_order ... ok
test trail_command::tests::j13c_relative_trail_path_rejected ... ok
test trail_command::tests::j13c_success_envelope_has_correct_shape ... ok
test trail_command::tests::j13c_success_envelope_has_no_timestamp ... ok
test trail_command::tests::j13c_success_output_is_valid_json ... ok
test trail_command::tests::j13c_unrelated_execution_ids_omitted ... ok
test trail_command::tests::j13c_utf8_split_across_buffer_boundary ... ok
test trail_command::tests::j13c_valid_audit_entries_without_execution_id_skipped ... ok
test trail_command::tests::j13c_valid_execution_id_accepted ... ok
test trail_command::tests::j13c_zero_matches_maps_to_not_found ... ok
test trail_command::tests::v05_receipt_is_bounded_projection_over_validated_entries ... ok
test trust::tests::developer_approval_is_exact_digest_only ... ok
test trust::tests::rfc8032_empty_message_vector_is_accepted ... ok
test trust::tests::signature_refusal_matrix_is_typed_and_fail_closed ... ok
test trust::tests::strict_envelope_binds_final_newline_digest_and_key ... ok
test trust::tests::trust_transitions_restart_and_revocation_fail_closed ... ok
test trust::tests::unknown_disabled_expired_and_conflicting_trust_are_refused ... ok
test trusted_store::tests::both_retrieval_paths_agree ... ok
test trusted_store::tests::case_change_does_not_silently_match ... ok
test trusted_store::tests::digest_conflict_without_attempted_identity_rejected ... ok
test trusted_store::tests::digest_retrieval_works_with_multiple_entries ... ok
test stdio_provider::tests::premature_process_exit_fails_closed ... ok
test trusted_store::tests::dual_identity_and_digest_conflict_returns_digest_conflict_without_mutation ... ok
test trusted_store::tests::fresh_insert_retrievable_by_digest ... ok
test trusted_store::tests::fresh_insert_returns_inserted ... ok
test trusted_store::tests::fresh_insert_retrievable_by_identity ... ok
test trusted_store::tests::identity_conflict_does_not_change_len ... ok
test trusted_store::tests::identity_conflict_leaves_existing_lookup_intact ... ok
test trusted_store::tests::identity_conflict_rejected ... ok
test trusted_store::tests::identity_conflict_preserves_store ... ok
test trusted_store::tests::insertion_accepts_only_verified_manifest ... ok
test trusted_store::tests::multiple_entries_coexist ... ok
test trusted_store::tests::one_primary_entry_per_digest_index_entry ... ok
test trusted_store::tests::reinsert_same_identity_same_digest_returns_already_present ... ok
test trusted_store::tests::reinsertion_keeps_both_indexes_consistent ... ok
test trusted_store::tests::store_empty_on_creation ... ok
test trusted_store::tests::reinsertion_preserves_original_data ... ok
test validation::tests::additional_property_accepted_when_allowed ... ok
test validation::tests::additional_property_rejected ... ok
test trusted_store::tests::unknown_identity_returns_none ... ok
test validation::tests::additional_property_schema_is_enforced ... ok
test validation::tests::array_items_are_validated ... ok
test validation::tests::boolean_false_schema_rejects ... ok
test validation::tests::enum_values_are_validated ... ok
test validation::tests::exact_large_integer_boundaries_are_accepted ... ok
test validation::tests::integer_type_accepts_whole_number ... ok
test validation::tests::integer_type_rejects_fractional ... ok
test validation::tests::malformed_maximum_schema_rejected ... ok
test validation::tests::malformed_minimum_schema_rejected ... ok
test validation::tests::maximum_accepts_boundary ... ok
test validation::tests::maximum_rejects_above_boundary ... ok
test validation::tests::maximum_rejects_distinct_large_integer ... ok
test validation::tests::minimum_accepts_boundary ... ok
test validation::tests::minimum_rejects_below_boundary ... ok
test validation::tests::minimum_rejects_distinct_large_integer ... ok
test validation::tests::missing_optional_property_accepted ... ok
test validation::tests::missing_required_field_fails ... ok
test validation::tests::r1b_fix_ordinary_validator_rejects_x_tethers_path ... ok
test validation::tests::r1b_fix_scope_validator_accepts_canonical_directory ... ok
test validation::tests::r1b_fix_scope_validator_rejects_arbitrary_x_tethers_extension ... ok
test validation::tests::r1b_fix_scope_validator_rejects_wrong_x_tethers_path_value ... ok
test validation::tests::r1c_additional_properties_schema_canonicalised ... ok
test validation::tests::r1c_array_items_canonicalised ... ok
test validation::tests::r1c_canonical_result_passes_revalidation ... ok
test validation::tests::r1c_existing_file_is_refused ... ok
test validation::tests::r1c_nested_property_canonicalised ... ok
test validation::tests::r1c_non_string_value_refused ... ok
test validation::tests::r1c_nonexistent_directory_refused ... FAILED
test validation::tests::r1c_redundant_components_resolve_to_same_canonical ... ok
test validation::tests::r1c_relative_path_refused ... ok
test validation::tests::r1c_without_annotation_passes_unchanged ... ok
test validation::tests::sha256_pattern_accepts_correct_value ... ok
test validation::tests::sha256_pattern_rejects_uppercase ... ok
test validation::tests::sha256_pattern_rejects_wrong_length ... ok
test validation::tests::sha256_pattern_rejects_wrong_prefix ... ok
test validation::tests::signed_and_unsigned_integer_comparisons_are_exact ... ok
test validation::tests::unsafe_integer_decimal_comparison_fails_closed ... ok
test validation::tests::unsupported_assertion_is_rejected_instead_of_ignored ... ok
test validation::tests::unsupported_pattern_expression_rejected ... ok
test validation::tests::unsupported_schema_shape_rejected ... ok
test validation::tests::valid_object_output_passes ... ok
test validation::tests::validation_errors_are_deterministic ... ok
test validation::tests::wrong_property_type_fails ... ok
test stdio_provider::tests::duplicate_tool_fails_closed ... FAILED
test socket::tests::unapproved_addition_is_observed_but_does_not_change_trusted_binding ... ok
test socket::tests::changed_schema_remains_unavailable_after_rediscovery ... ok
test stdio_provider::tests::initialization_error_fails_closed ... FAILED
test socket::tests::discovery_consumes_every_page_and_preserves_opaque_observations ... ok
test socket::tests::observed_catalogue_notification_prevents_affected_invocation ... ok
test socket::tests::list_changed_during_discovery_requires_bounded_rediscovery ... ok
test stdio_provider::tests::incompatible_protocol_version_fails_closed ... FAILED
test stdio_provider::tests::j13b_live_tools_list_schema_mismatch_is_not_admitted_available ... FAILED
test socket::tests::duplicate_operation_across_pages_fails_closed ... ok
test stdio_provider::tests::missing_tool_fails_closed ... FAILED
test socket::tests::repeated_opaque_cursor_fails_closed ... ok
test stdio_provider::tests::output_schema_mismatch_fails_closed ... FAILED
test stdio_provider::tests::malformed_json_rpc_fails_closed ... FAILED
test stdio_provider::tests::provider_description_cannot_rewrite_trusted_manifest ... FAILED
test stdio_provider::tests::real_mcp_discovery_admits_only_host_owned_manifest ... FAILED
test stdio_provider::tests::server_name_mismatch_fails_closed ... FAILED
test stdio_provider::tests::wrong_tool_name_fails_closed ... FAILED
test package::tests::archive_resource_boundaries_and_nested_packages_refuse_before_use ... ok
test host_execution::tests::c2_a3a_different_provider_tools_call_overlap_is_real ... FAILED
test host_execution::tests::c2_a3a_same_provider_tools_call_overlap_is_real ... FAILED
test host_execution::tests::c4_same_provider_overlap_and_inverse_completion_preserves_semantic_order ... FAILED

failures:

---- application::tests::replay_runtime_integration::j09_runtime_01_cli_accepts_one_absolute_host_data_root stdout ----

thread 'application::tests::replay_runtime_integration::j09_runtime_01_cli_accepts_one_absolute_host_data_root' (102184) panicked at src/application.rs:6747:51:
called `Result::unwrap()` on an `Err` value: "--host-data-root must be absolute"
note: run with `RUST_BACKTRACE=1` environment variable to display a backtrace

---- application::tests::replay_runtime_integration::j09_runtime_02_cli_rejects_duplicate_host_data_root stdout ----

thread 'application::tests::replay_runtime_integration::j09_runtime_02_cli_rejects_duplicate_host_data_root' (102185) panicked at src/application.rs:6764:13:
assertion `left == right` failed
  left: "--host-data-root must be absolute"
 right: "duplicate --host-data-root"

---- application::tests::replay_runtime_integration::j09_runtime_38_trail_and_replay_roots_remain_explicitly_distinct stdout ----

thread 'application::tests::replay_runtime_integration::j09_runtime_38_trail_and_replay_roots_remain_explicitly_distinct' (102211) panicked at src/application.rs:7462:51:
called `Result::unwrap()` on an `Err` value: "--host-data-root must be absolute"

---- current_trust_tests::j24k1_approve_with_authority_uses_and_propagates_supplied_authority stdout ----

thread 'current_trust_tests::j24k1_approve_with_authority_uses_and_propagates_supplied_authority' (102429) panicked at src/current_trust_tests.rs:260:6:
called `Result::unwrap()` on an `Err` value: M3Error { code: "launch_environment", message: "SystemRoot is unavailable" }

---- current_trust_tests::j24k1_install_disabled_invokes_authority_again_after_staging_before_publication stdout ----

thread 'current_trust_tests::j24k1_install_disabled_invokes_authority_again_after_staging_before_publication' (102446) panicked at src/current_trust_tests.rs:260:6:
called `Result::unwrap()` on an `Err` value: M3Error { code: "launch_environment", message: "SystemRoot is unavailable" }

---- current_trust_tests::j24k1_install_disabled_with_authority_uses_supplied_authority_at_entry stdout ----

thread 'current_trust_tests::j24k1_install_disabled_with_authority_uses_supplied_authority_at_entry' (102447) panicked at src/current_trust_tests.rs:260:6:
called `Result::unwrap()` on an `Err` value: M3Error { code: "launch_environment", message: "SystemRoot is unavailable" }

---- current_trust_tests::j24k1_prepared_launch_revalidate_current_trust_with_uses_supplied_authority stdout ----

thread 'current_trust_tests::j24k1_prepared_launch_revalidate_current_trust_with_uses_supplied_authority' (102450) panicked at src/current_trust_tests.rs:260:6:
called `Result::unwrap()` on an `Err` value: M3Error { code: "launch_environment", message: "SystemRoot is unavailable" }

---- current_trust_tests::j24k1_run_host_conformance_with_authority_uses_supplied_authority stdout ----

thread 'current_trust_tests::j24k1_run_host_conformance_with_authority_uses_supplied_authority' (102451) panicked at src/current_trust_tests.rs:260:6:
called `Result::unwrap()` on an `Err` value: M3Error { code: "launch_environment", message: "SystemRoot is unavailable" }

---- current_trust_tests::j24k1_prepared_launch_launch_for_candidate_with_refuses_before_launch stdout ----

thread 'current_trust_tests::j24k1_prepared_launch_launch_for_candidate_with_refuses_before_launch' (102448) panicked at src/current_trust_tests.rs:260:6:
called `Result::unwrap()` on an `Err` value: M3Error { code: "launch_environment", message: "SystemRoot is unavailable" }

---- engine_stdio::tests::core9b_t10_identity_separation stdout ----

thread 'engine_stdio::tests::core9b_t10_identity_separation' (102513) panicked at src/engine_stdio.rs:424:39:
verified engine missing; run just test-rust so the current OCaml engine is built and provenance-checked

---- engine_stdio::tests::core9b_t11_bridge_metadata_separation stdout ----

thread 'engine_stdio::tests::core9b_t11_bridge_metadata_separation' (102514) panicked at src/engine_stdio.rs:424:39:
verified engine missing; run just test-rust so the current OCaml engine is built and provenance-checked

---- engine_stdio::tests::core9b_t12_real_cross_language_e2e stdout ----

thread 'engine_stdio::tests::core9b_t12_real_cross_language_e2e' (102515) panicked at src/engine_stdio.rs:424:39:
verified engine missing; run just test-rust so the current OCaml engine is built and provenance-checked

---- engine_stdio::tests::core9b_t13_wrong_event_not_matched stdout ----

thread 'engine_stdio::tests::core9b_t13_wrong_event_not_matched' (102516) panicked at src/engine_stdio.rs:424:39:
verified engine missing; run just test-rust so the current OCaml engine is built and provenance-checked

---- engine_stdio::tests::core9b_t14_occurrence_identity stdout ----

thread 'engine_stdio::tests::core9b_t14_occurrence_identity' (102517) panicked at src/engine_stdio.rs:424:39:
verified engine missing; run just test-rust so the current OCaml engine is built and provenance-checked

---- engine_stdio::tests::core9b_t4_mcp_tools_list_contains_two stdout ----

thread 'engine_stdio::tests::core9b_t4_mcp_tools_list_contains_two' (102518) panicked at src/engine_stdio.rs:424:39:
verified engine missing; run just test-rust so the current OCaml engine is built and provenance-checked

---- engine_stdio::tests::core9b_t5_evaluate_is_core stdout ----

thread 'engine_stdio::tests::core9b_t5_evaluate_is_core' (102519) panicked at src/engine_stdio.rs:424:39:
verified engine missing; run just test-rust so the current OCaml engine is built and provenance-checked

---- engine_stdio::tests::core9b_t6_new_evaluate_reaches_core stdout ----

thread 'engine_stdio::tests::core9b_t6_new_evaluate_reaches_core' (102520) panicked at src/engine_stdio.rs:424:39:
verified engine missing; run just test-rust so the current OCaml engine is built and provenance-checked

---- engine_stdio::tests::core9b_t7_core_evaluate_works stdout ----

thread 'engine_stdio::tests::core9b_t7_core_evaluate_works' (102521) panicked at src/engine_stdio.rs:424:39:
verified engine missing; run just test-rust so the current OCaml engine is built and provenance-checked

---- engine_stdio::tests::core9b_t8_core_evaluate_returns_matched stdout ----

thread 'engine_stdio::tests::core9b_t8_core_evaluate_returns_matched' (102522) panicked at src/engine_stdio.rs:424:39:
verified engine missing; run just test-rust so the current OCaml engine is built and provenance-checked

---- engine_stdio::tests::core9b_t9_no_core_environment_fails stdout ----

thread 'engine_stdio::tests::core9b_t9_no_core_environment_fails' (102523) panicked at src/engine_stdio.rs:424:39:
verified engine missing; run just test-rust so the current OCaml engine is built and provenance-checked

---- engine_stdio::tests::j13a_engine_no_tethers_evaluate_sent stdout ----

thread 'engine_stdio::tests::j13a_engine_no_tethers_evaluate_sent' (102524) panicked at src/engine_stdio.rs:424:39:
verified engine missing; run just test-rust so the current OCaml engine is built and provenance-checked

---- engine_stdio::tests::j13a_engine_one_retained_session_multiple_tethers stdout ----

thread 'engine_stdio::tests::j13a_engine_one_retained_session_multiple_tethers' (102525) panicked at src/engine_stdio.rs:424:39:
verified engine missing; run just test-rust so the current OCaml engine is built and provenance-checked

---- engine_stdio::tests::j13a_real_engine_invalid_tether_via_tools_call stdout ----

thread 'engine_stdio::tests::j13a_real_engine_invalid_tether_via_tools_call' (102526) panicked at src/engine_stdio.rs:424:39:
verified engine missing; run just test-rust so the current OCaml engine is built and provenance-checked

---- engine_stdio::tests::j13a_real_engine_valid_tether_via_tools_call stdout ----

thread 'engine_stdio::tests::j13a_real_engine_valid_tether_via_tools_call' (102527) panicked at src/engine_stdio.rs:424:39:
verified engine missing; run just test-rust so the current OCaml engine is built and provenance-checked

---- engine_stdio::tests::j13b_retained_engine_uses_arguments_request_for_multiple_evaluations stdout ----

thread 'engine_stdio::tests::j13b_retained_engine_uses_arguments_request_for_multiple_evaluations' (102529) panicked at src/engine_stdio.rs:424:39:
verified engine missing; run just test-rust so the current OCaml engine is built and provenance-checked

---- child_process::tests::f2a_windows_cleanup_reaps_child_and_joins_threads stdout ----

thread 'child_process::tests::f2a_windows_cleanup_reaps_child_and_joins_threads' (102266) panicked at src/child_process.rs:1600:21:
failed to launch process-inspection command: No such file or directory (os error 2)

---- child_process::tests::j13a_named_powershell_child_preserves_piped_protocol stdout ----

thread 'child_process::tests::j13a_named_powershell_child_preserves_piped_protocol' (102280) panicked at src/child_process.rs:1244:14:
read initialize response: ProcessExited(1)

---- child_process::tests::j13a_stderr_capture stdout ----

thread 'child_process::tests::j13a_stderr_capture' (102284) panicked at src/child_process.rs:1272:9:
stderr: 

---- host_execution::tests::c2a3a_group_join_after_all_terminals stdout ----
execute_group_concurrent returned: Uncertain { evaluation_id: "eval-join-1", action_id: "member-a", reason: "provider outcome is uncertain", execution_id: Some("exec_00000000-0000-4000-8000-000000000001") }

thread 'host_execution::tests::c2a3a_group_join_after_all_terminals' (102663) panicked at src/host_execution.rs:6068:13:
assertion failed: matches!(result, ExecutionServiceResult::Completed { .. })

---- host_execution::tests::c2a3a_stage_c_durability_while_sibling_blocked stdout ----

thread 'host_execution::tests::c2a3a_stage_c_durability_while_sibling_blocked' (102664) panicked at src/host_execution.rs:3060:14:
concurrency test lock poisoned: PoisonError { .. }

---- host_execution::tests::c2a3a_terminal_approval_required_plus_success stdout ----

thread 'host_execution::tests::c2a3a_terminal_approval_required_plus_success' (102669) panicked at src/host_execution.rs:3060:14:
concurrency test lock poisoned: PoisonError { .. }

---- host_execution::tests::c2a3a_terminal_denied_plus_success stdout ----

thread 'host_execution::tests::c2a3a_terminal_denied_plus_success' (102674) panicked at src/host_execution.rs:3060:14:
concurrency test lock poisoned: PoisonError { .. }

---- host_execution::tests::c2a3a_terminal_deterministic_result_independent_of_order stdout ----

thread 'host_execution::tests::c2a3a_terminal_deterministic_result_independent_of_order' (102685) panicked at src/host_execution.rs:3060:14:
concurrency test lock poisoned: PoisonError { .. }

---- host_execution::tests::c2a3a_terminal_g1_before_effect stdout ----

thread 'host_execution::tests::c2a3a_terminal_g1_before_effect' (102688) panicked at src/host_execution.rs:3060:14:
concurrency test lock poisoned: PoisonError { .. }

---- host_execution::tests::c3_a1_n2_limits_active_invocations_to_at_most_two_and_reaches_two stdout ----

thread 'host_execution::tests::c3_a1_n2_limits_active_invocations_to_at_most_two_and_reaches_two' (103027) panicked at src/host_execution.rs:3060:14:
concurrency test lock poisoned: PoisonError { .. }

---- host_execution::tests::c2a3a_terminal_intent_before_effect stdout ----

thread 'host_execution::tests::c2a3a_terminal_intent_before_effect' (102775) panicked at src/host_execution.rs:3060:14:
concurrency test lock poisoned: PoisonError { .. }

---- host_execution::tests::c2a3a_terminal_panic_exact_uncertain stdout ----

thread 'host_execution::tests::c2a3a_terminal_panic_exact_uncertain' (102803) panicked at src/host_execution.rs:3060:14:
concurrency test lock poisoned: PoisonError { .. }

---- host_execution::tests::c3_a2_next_slot_launches_earliest_semantic_waiter stdout ----

thread 'host_execution::tests::c3_a2_next_slot_launches_earliest_semantic_waiter' (103028) panicked at src/host_execution.rs:3060:14:
concurrency test lock poisoned: PoisonError { .. }

---- host_execution::tests::c3_a2_queue_wait_does_not_consume_provider_timeout stdout ----

thread 'host_execution::tests::c3_a2_queue_wait_does_not_consume_provider_timeout' (103029) panicked at src/host_execution.rs:3060:14:
concurrency test lock poisoned: PoisonError { .. }

---- host_execution::tests::c2a3a_terminal_unattempted stdout ----

thread 'host_execution::tests::c2a3a_terminal_unattempted' (102832) panicked at src/host_execution.rs:3060:14:
concurrency test lock poisoned: PoisonError { .. }

---- host_execution::tests::c3_a2_waiting_member_has_g0_without_g1_or_provider_effect stdout ----

thread 'host_execution::tests::c3_a2_waiting_member_has_g0_without_g1_or_provider_effect' (103031) panicked at src/host_execution.rs:3060:14:
concurrency test lock poisoned: PoisonError { .. }

---- host_execution::tests::c2a3a_terminal_unavailable_plus_success stdout ----

thread 'host_execution::tests::c2a3a_terminal_unavailable_plus_success' (102833) panicked at src/host_execution.rs:3060:14:
concurrency test lock poisoned: PoisonError { .. }

---- host_execution::tests::c3_a3_all_terminal_preserves_group_join stdout ----

thread 'host_execution::tests::c3_a3_all_terminal_preserves_group_join' (103032) panicked at src/host_execution.rs:3060:14:
concurrency test lock poisoned: PoisonError { .. }

---- host_execution::tests::c2a3a_terminal_uncertain stdout ----

thread 'host_execution::tests::c2a3a_terminal_uncertain' (102944) panicked at src/host_execution.rs:3060:14:
concurrency test lock poisoned: PoisonError { .. }

---- host_execution::tests::c2a3a_trail_physical_order_a_before_b stdout ----

thread 'host_execution::tests::c2a3a_trail_physical_order_a_before_b' (102948) panicked at src/host_execution.rs:3060:14:
concurrency test lock poisoned: PoisonError { .. }

---- host_execution::tests::c2a3a_trail_physical_order_b_before_a stdout ----

thread 'host_execution::tests::c2a3a_trail_physical_order_b_before_a' (102951) panicked at src/host_execution.rs:3060:14:
concurrency test lock poisoned: PoisonError { .. }

---- host_execution::tests::c2a3a_worker_panic_yields_uncertain_non_success_join stdout ----

thread 'host_execution::tests::c2a3a_worker_panic_yields_uncertain_non_success_join' (102952) panicked at src/host_execution.rs:3060:14:
concurrency test lock poisoned: PoisonError { .. }

---- host_execution::tests::c3_a3_g1_failure_halts_before_any_later_effect_without_join stdout ----

thread 'host_execution::tests::c3_a3_g1_failure_halts_before_any_later_effect_without_join' (103033) panicked at src/host_execution.rs:3060:14:
concurrency test lock poisoned: PoisonError { .. }

---- host_execution::tests::c3_a1_full_width_preserves_full_overlap stdout ----

thread 'host_execution::tests::c3_a1_full_width_preserves_full_overlap' (102954) panicked at src/host_execution.rs:3060:14:
concurrency test lock poisoned: PoisonError { .. }

---- host_execution::tests::c2a3a_terminal_replay_blocked_completed_failure stdout ----

thread 'host_execution::tests::c2a3a_terminal_replay_blocked_completed_failure' (102805) panicked at src/host_execution.rs:3060:14:
concurrency test lock poisoned: PoisonError { .. }

---- host_execution::tests::c2a3a_terminal_replay_blocked_completed_success stdout ----

thread 'host_execution::tests::c2a3a_terminal_replay_blocked_completed_success' (102806) panicked at src/host_execution.rs:3060:14:
concurrency test lock poisoned: PoisonError { .. }

---- host_execution::tests::c3_a2_queued_member_replay_order_is_g0_wait_g1_g2 stdout ----

thread 'host_execution::tests::c3_a2_queued_member_replay_order_is_g0_wait_g1_g2' (103030) panicked at src/host_execution.rs:3060:14:
concurrency test lock poisoned: PoisonError { .. }

---- host_execution::tests::c3_a4_default_two_controls_real_group_execution stdout ----

thread 'host_execution::tests::c3_a4_default_two_controls_real_group_execution' (103039) panicked at src/host_execution.rs:3060:14:
concurrency test lock poisoned: PoisonError { .. }

---- host_execution::tests::c3_a3_g2_failure_halts_queued_effects_without_join stdout ----

thread 'host_execution::tests::c3_a3_g2_failure_halts_queued_effects_without_join' (103034) panicked at src/host_execution.rs:3060:14:
concurrency test lock poisoned: PoisonError { .. }

---- host_execution::tests::c3_a3_outcome_durability_failure_halts_queued_effects_without_join stdout ----

thread 'host_execution::tests::c3_a3_outcome_durability_failure_halts_queued_effects_without_join' (103037) panicked at src/host_execution.rs:3060:14:
concurrency test lock poisoned: PoisonError { .. }

---- host_execution::tests::c3_a1_n1_limits_active_invocations_to_at_most_one stdout ----

thread 'host_execution::tests::c3_a1_n1_limits_active_invocations_to_at_most_one' (102955) panicked at src/host_execution.rs:3060:14:
concurrency test lock poisoned: PoisonError { .. }

---- host_execution::tests::c3_a4_explicit_one_controls_real_group_execution stdout ----

thread 'host_execution::tests::c3_a4_explicit_one_controls_real_group_execution' (103040) panicked at src/host_execution.rs:3060:14:
concurrency test lock poisoned: PoisonError { .. }

---- host_execution::tests::c3_a3_n2_active_sibling_survives_fatal_halt_truthfully stdout ----

thread 'host_execution::tests::c3_a3_n2_active_sibling_survives_fatal_halt_truthfully' (103035) panicked at src/host_execution.rs:3060:14:
concurrency test lock poisoned: PoisonError { .. }

---- host_execution::tests::c3_a3_worker_panic_terminalises_uncertain_and_releases_slot stdout ----

thread 'host_execution::tests::c3_a3_worker_panic_terminalises_uncertain_and_releases_slot' (103038) panicked at src/host_execution.rs:3060:14:
concurrency test lock poisoned: PoisonError { .. }

---- host_execution::tests::c3_v1_n1_group_of_five_proves_bound_and_full_terminalisation stdout ----

thread 'host_execution::tests::c3_v1_n1_group_of_five_proves_bound_and_full_terminalisation' (103041) panicked at src/host_execution.rs:3060:14:
concurrency test lock poisoned: PoisonError { .. }

---- host_execution::tests::c3_v1_n2_group_of_five_proves_bound_reached_and_full_terminalisation stdout ----

thread 'host_execution::tests::c3_v1_n2_group_of_five_proves_bound_reached_and_full_terminalisation' (103042) panicked at src/host_execution.rs:3060:14:
concurrency test lock poisoned: PoisonError { .. }

---- host_execution::tests::c3_a3_normal_provider_failure_releases_slot_and_joins stdout ----

thread 'host_execution::tests::c3_a3_normal_provider_failure_releases_slot_and_joins' (103036) panicked at src/host_execution.rs:3060:14:
concurrency test lock poisoned: PoisonError { .. }

---- host_execution::tests::c4_g2_failure_halts_queue_but_active_sibling_finishes_truthfully stdout ----

thread 'host_execution::tests::c4_g2_failure_halts_queue_but_active_sibling_finishes_truthfully' (103045) panicked at src/host_execution.rs:3060:14:
concurrency test lock poisoned: PoisonError { .. }

---- host_execution::tests::c4_inverse_completion_preserves_semantic_first_failure stdout ----

thread 'host_execution::tests::c4_inverse_completion_preserves_semantic_first_failure' (103046) panicked at src/host_execution.rs:3060:14:
concurrency test lock poisoned: PoisonError { .. }

---- host_execution::tests::c4_outcome_durability_failure_does_not_contaminate_active_sibling stdout ----

thread 'host_execution::tests::c4_outcome_durability_failure_does_not_contaminate_active_sibling' (103047) panicked at src/host_execution.rs:3060:14:
concurrency test lock poisoned: PoisonError { .. }

---- host_execution::tests::c4_repeated_inverse_completion_has_no_state_leak stdout ----

thread 'host_execution::tests::c4_repeated_inverse_completion_has_no_state_leak' (103048) panicked at src/host_execution.rs:3060:14:
concurrency test lock poisoned: PoisonError { .. }

---- host_execution::tests::c4_fast_failure_releases_slot_while_slow_sibling_runs stdout ----

thread 'host_execution::tests::c4_fast_failure_releases_slot_while_slow_sibling_runs' (103043) panicked at src/host_execution.rs:3060:14:
concurrency test lock poisoned: PoisonError { .. }

---- host_execution::tests::c4_g1_failure_halts_queue_but_active_sibling_finishes_truthfully stdout ----

thread 'host_execution::tests::c4_g1_failure_halts_queue_but_active_sibling_finishes_truthfully' (103044) panicked at src/host_execution.rs:3060:14:
concurrency test lock poisoned: PoisonError { .. }

---- host_execution::tests::c4_worker_panic_under_n2_pressure_releases_slot stdout ----

thread 'host_execution::tests::c4_worker_panic_under_n2_pressure_releases_slot' (103050) panicked at src/host_execution.rs:3060:14:
concurrency test lock poisoned: PoisonError { .. }

---- host_execution::tests::core9c_t16_wrong_event_never_dispatches stdout ----

thread 'host_execution::tests::core9c_t16_wrong_event_never_dispatches' (103057) panicked at src/host_execution.rs:4559:46:
verified engine missing; run just test-rust so the current OCaml engine is built and provenance-checked

---- host_execution::tests::core9c_t17_missing_core_environment_fails_closed_without_dispatch stdout ----

thread 'host_execution::tests::core9c_t17_missing_core_environment_fails_closed_without_dispatch' (103058) panicked at src/host_execution.rs:4559:46:
verified engine missing; run just test-rust so the current OCaml engine is built and provenance-checked

---- host_execution::tests::core9b_t13_builder_wrong_event_not_matched stdout ----

thread 'host_execution::tests::core9b_t13_builder_wrong_event_not_matched' (103054) panicked at src/host_execution.rs:4559:46:
verified engine missing; run just test-rust so the current OCaml engine is built and provenance-checked

---- host_execution::tests::core9b_t14_builder_occurrence_identity stdout ----

thread 'host_execution::tests::core9b_t14_builder_occurrence_identity' (103055) panicked at src/host_execution.rs:4559:46:
verified engine missing; run just test-rust so the current OCaml engine is built and provenance-checked

---- host_execution::tests::core9b_t12_real_rust_built_cross_language_e2e stdout ----

thread 'host_execution::tests::core9b_t12_real_rust_built_cross_language_e2e' (103053) panicked at src/host_execution.rs:4559:46:
verified engine missing; run just test-rust so the current OCaml engine is built and provenance-checked

---- host_execution::tests::p2_guarded_together_rejection_precedes_g1_and_provider stdout ----

thread 'host_execution::tests::p2_guarded_together_rejection_precedes_g1_and_provider' (103105) panicked at src/host_execution.rs:3060:14:
concurrency test lock poisoned: PoisonError { .. }

---- installation_execution::lock_tests::j24k2_lock_busy_from_another_thread stdout ----

thread 'installation_execution::lock_tests::j24k2_lock_busy_from_another_thread' (103114) panicked at src/installation_execution.rs:937:59:
called `Result::unwrap()` on an `Err` value: M3Error { code: "installation_lock_invalid", message: "installation lock path is invalid" }

---- installation_execution::lock_tests::j24k2_lock_child_cannot_inherit_lock_handle stdout ----

thread 'installation_execution::lock_tests::j24k2_lock_child_cannot_inherit_lock_handle' (103115) panicked at src/installation_execution.rs:1027:59:
called `Result::unwrap()` on an `Err` value: M3Error { code: "installation_lock_invalid", message: "installation lock path is invalid" }

---- installation_execution::lock_tests::j24k2_lock_acquire_and_release stdout ----

thread 'installation_execution::lock_tests::j24k2_lock_acquire_and_release' (103113) panicked at src/installation_execution.rs:903:63:
called `Result::unwrap()` on an `Err` value: M3Error { code: "installation_lock_invalid", message: "installation lock path is invalid" }

---- installation_execution::lock_tests::j24k2_lock_release_after_drop_allows_reacquisition stdout ----

thread 'installation_execution::lock_tests::j24k2_lock_release_after_drop_allows_reacquisition' (103122) panicked at src/installation_execution.rs:925:59:
called `Result::unwrap()` on an `Err` value: M3Error { code: "installation_lock_invalid", message: "installation lock path is invalid" }

---- installation_execution::lock_tests::j24k2_lock_raii_unwind_releases_lock stdout ----

thread 'installation_execution::lock_tests::j24k2_lock_raii_unwind_releases_lock' (103121) panicked at src/installation_execution.rs:1010:63:
called `Result::unwrap()` on an `Err` value: M3Error { code: "installation_lock_invalid", message: "installation lock path is invalid" }

thread 'installation_execution::lock_tests::j24k2_lock_raii_unwind_releases_lock' (103121) panicked at src/installation_execution.rs:1016:60:
called `Result::unwrap()` on an `Err` value: M3Error { code: "installation_lock_invalid", message: "installation lock path is invalid" }

---- installation_execution::lock_tests::j24k2_lock_second_acquisition_fails_busy stdout ----

thread 'installation_execution::lock_tests::j24k2_lock_second_acquisition_fails_busy' (103123) panicked at src/installation_execution.rs:914:59:
called `Result::unwrap()` on an `Err` value: M3Error { code: "installation_lock_invalid", message: "installation lock path is invalid" }

---- installation_execution::lock_tests::j24k2_lock_preexisting_empty_anchor_accepted stdout ----

thread 'installation_execution::lock_tests::j24k2_lock_preexisting_empty_anchor_accepted' (103119) panicked at src/installation_execution.rs:994:59:
called `Result::unwrap()` on an `Err` value: M3Error { code: "installation_lock_invalid", message: "installation lock path is invalid" }

---- installation_execution_tests::j24k3f_publication_advances_to_complete stdout ----

thread 'installation_execution_tests::j24k3f_publication_advances_to_complete' (103147) panicked at src/installation_execution_tests.rs:345:6:
called `Result::unwrap()` on an `Err` value: M3Error { code: "launch_environment", message: "SystemRoot is unavailable" }

---- installation_execution_tests::j24k3f_global_untracked_destination_blocks_publication_pre_intent_lock_released stdout ----

thread 'installation_execution_tests::j24k3f_global_untracked_destination_blocks_publication_pre_intent_lock_released' (103143) panicked at src/installation_execution_tests.rs:345:6:
called `Result::unwrap()` on an `Err` value: M3Error { code: "launch_environment", message: "SystemRoot is unavailable" }

---- installation_execution_tests::j24k3f_intent_store_rooted_under_executor_state stdout ----

thread 'installation_execution_tests::j24k3f_intent_store_rooted_under_executor_state' (103144) panicked at src/installation_execution_tests.rs:345:6:
called `Result::unwrap()` on an `Err` value: M3Error { code: "launch_environment", message: "SystemRoot is unavailable" }

---- installation_execution_tests::j24k2_complete_state_is_idempotent_and_mutation_free stdout ----

thread 'installation_execution_tests::j24k2_complete_state_is_idempotent_and_mutation_free' (103136) panicked at src/installation_execution_tests.rs:236:6:
called `Result::unwrap()` on an `Err` value: M3Error { code: "launch_environment", message: "SystemRoot is unavailable" }

---- installation_execution_tests::j24k3f_no_intent_under_wrong_paths stdout ----

thread 'installation_execution_tests::j24k3f_no_intent_under_wrong_paths' (103145) panicked at src/installation_execution_tests.rs:345:6:
called `Result::unwrap()` on an `Err` value: M3Error { code: "launch_environment", message: "SystemRoot is unavailable" }

---- installation_execution_tests::j24k3f_returned_plans_and_outcome_exact stdout ----

thread 'installation_execution_tests::j24k3f_returned_plans_and_outcome_exact' (103148) panicked at src/installation_execution_tests.rs:345:6:
called `Result::unwrap()` on an `Err` value: M3Error { code: "launch_environment", message: "SystemRoot is unavailable" }

---- installation_execution_tests::j24k3f_complete_returns_already_complete_no_mutation stdout ----

thread 'installation_execution_tests::j24k3f_complete_returns_already_complete_no_mutation' (103141) panicked at src/installation_execution_tests.rs:756:6:
called `Result::unwrap()` on an `Err` value: M3Error { code: "launch_environment", message: "SystemRoot is unavailable" }

---- installation_execution_tests::j24k3f_destination_and_record_exist_recovery_idle stdout ----

thread 'installation_execution_tests::j24k3f_destination_and_record_exist_recovery_idle' (103142) panicked at src/installation_execution_tests.rs:345:6:
called `Result::unwrap()` on an `Err` value: M3Error { code: "launch_environment", message: "SystemRoot is unavailable" }

---- installation_execution_tests::j24k3f_no_second_action_executed stdout ----

thread 'installation_execution_tests::j24k3f_no_second_action_executed' (103146) panicked at src/installation_execution_tests.rs:345:6:
called `Result::unwrap()` on an `Err` value: M3Error { code: "launch_environment", message: "SystemRoot is unavailable" }

---- installation_execution_tests::j24k3f_second_lock_returns_installation_busy stdout ----

thread 'installation_execution_tests::j24k3f_second_lock_returns_installation_busy' (103149) panicked at src/installation_execution_tests.rs:345:6:
called `Result::unwrap()` on an `Err` value: M3Error { code: "launch_environment", message: "SystemRoot is unavailable" }

---- installation_execution_tests::j24k3f_test_only_post_intent_failure_is_recoverable_and_publishes_once stdout ----

thread 'installation_execution_tests::j24k3f_test_only_post_intent_failure_is_recoverable_and_publishes_once' (103150) panicked at src/installation_execution_tests.rs:345:6:
called `Result::unwrap()` on an `Err` value: M3Error { code: "launch_environment", message: "SystemRoot is unavailable" }

---- installation_publication_mutation_tests::j24k3e2_destination_plus_matching_record_removes_only_intent stdout ----

thread 'installation_publication_mutation_tests::j24k3e2_destination_plus_matching_record_removes_only_intent' (103190) panicked at src/installation_publication_mutation_tests.rs:161:10:
called `Result::unwrap()` on an `Err` value: M3Error { code: "launch_environment", message: "SystemRoot is unavailable" }

---- installation_publication_mutation_tests::j24k3e2_completed_publication_classifies_completed_then_idle stdout ----

thread 'installation_publication_mutation_tests::j24k3e2_completed_publication_classifies_completed_then_idle' (103189) panicked at src/installation_publication_mutation_tests.rs:161:10:
called `Result::unwrap()` on an `Err` value: M3Error { code: "launch_environment", message: "SystemRoot is unavailable" }

---- installation_publication_mutation_tests::j24k3e2_exact_staging_files_lengths_hashes_and_read_only stdout ----

thread 'installation_publication_mutation_tests::j24k3e2_exact_staging_files_lengths_hashes_and_read_only' (103192) panicked at src/installation_publication_mutation_tests.rs:161:10:
called `Result::unwrap()` on an `Err` value: M3Error { code: "launch_environment", message: "SystemRoot is unavailable" }

---- installation_publication_mutation_tests::j24k3e2_existing_destination_is_not_overwritten_or_adopted stdout ----

thread 'installation_publication_mutation_tests::j24k3e2_existing_destination_is_not_overwritten_or_adopted' (103193) panicked at src/installation_publication_mutation_tests.rs:161:10:
called `Result::unwrap()` on an `Err` value: M3Error { code: "launch_environment", message: "SystemRoot is unavailable" }

---- installation_publication_mutation_tests::j24k3e2_destination_without_record_publishes_exact_record_once stdout ----

thread 'installation_publication_mutation_tests::j24k3e2_destination_without_record_publishes_exact_record_once' (103191) panicked at src/installation_publication_mutation_tests.rs:161:10:
called `Result::unwrap()` on an `Err` value: M3Error { code: "launch_environment", message: "SystemRoot is unavailable" }

---- installation_publication_mutation_tests::j24k3e2_existing_staging_is_not_overwritten_or_adopted stdout ----

thread 'installation_publication_mutation_tests::j24k3e2_existing_staging_is_not_overwritten_or_adopted' (103194) panicked at src/installation_publication_mutation_tests.rs:161:10:
called `Result::unwrap()` on an `Err` value: M3Error { code: "launch_environment", message: "SystemRoot is unavailable" }

---- installation_publication_mutation_tests::j24k3e2_final_destination_reverified_before_publication stdout ----

thread 'installation_publication_mutation_tests::j24k3e2_final_destination_reverified_before_publication' (103195) panicked at src/installation_publication_mutation_tests.rs:161:10:
called `Result::unwrap()` on an `Err` value: M3Error { code: "launch_environment", message: "SystemRoot is unavailable" }

---- installation_publication_mutation_tests::j24k3e2_intent_plus_staging_prefix_is_recoverable_to_idle stdout ----

thread 'installation_publication_mutation_tests::j24k3e2_intent_plus_staging_prefix_is_recoverable_to_idle' (103197) panicked at src/installation_publication_mutation_tests.rs:161:10:
called `Result::unwrap()` on an `Err` value: M3Error { code: "launch_environment", message: "SystemRoot is unavailable" }

---- installation_publication_mutation_tests::j24k3e2_intent_only_prefix_is_recoverable_to_idle stdout ----

thread 'installation_publication_mutation_tests::j24k3e2_intent_only_prefix_is_recoverable_to_idle' (103196) panicked at src/installation_publication_mutation_tests.rs:161:10:
called `Result::unwrap()` on an `Err` value: M3Error { code: "launch_environment", message: "SystemRoot is unavailable" }

---- installation_publication_mutation_tests::j24k3e2_non_idle_recovery_creates_no_new_state stdout ----

thread 'installation_publication_mutation_tests::j24k3e2_non_idle_recovery_creates_no_new_state' (103200) panicked at src/installation_publication_mutation_tests.rs:161:10:
called `Result::unwrap()` on an `Err` value: M3Error { code: "launch_environment", message: "SystemRoot is unavailable" }

---- installation_publication_mutation_tests::j24k3e2_mismatched_record_fails_closed stdout ----

thread 'installation_publication_mutation_tests::j24k3e2_mismatched_record_fails_closed' (103199) panicked at src/installation_publication_mutation_tests.rs:161:10:
called `Result::unwrap()` on an `Err` value: M3Error { code: "launch_environment", message: "SystemRoot is unavailable" }

---- installation_publication_mutation_tests::j24k3e2_mismatched_destination_fails_closed stdout ----

thread 'installation_publication_mutation_tests::j24k3e2_mismatched_destination_fails_closed' (103198) panicked at src/installation_publication_mutation_tests.rs:161:10:
called `Result::unwrap()` on an `Err` value: M3Error { code: "launch_environment", message: "SystemRoot is unavailable" }

---- installation_publication_mutation_tests::j24k3e2_publication_refuses_duplicate_installed_release stdout ----

thread 'installation_publication_mutation_tests::j24k3e2_publication_refuses_duplicate_installed_release' (103202) panicked at src/installation_publication_mutation_tests.rs:161:10:
called `Result::unwrap()` on an `Err` value: M3Error { code: "launch_environment", message: "SystemRoot is unavailable" }

---- installation_publication_mutation_tests::j24k3e2_publication_refuses_mismatched_record_digest stdout ----

thread 'installation_publication_mutation_tests::j24k3e2_publication_refuses_mismatched_record_digest' (103203) panicked at src/installation_publication_mutation_tests.rs:161:10:
called `Result::unwrap()` on an `Err` value: M3Error { code: "launch_environment", message: "SystemRoot is unavailable" }

---- installation_publication_mutation_tests::j24k3e2_persisted_intent_equals_prepared_before_later_steps stdout ----

thread 'installation_publication_mutation_tests::j24k3e2_persisted_intent_equals_prepared_before_later_steps' (103201) panicked at src/installation_publication_mutation_tests.rs:161:10:
called `Result::unwrap()` on an `Err` value: M3Error { code: "launch_environment", message: "SystemRoot is unavailable" }

---- installation_publication_mutation_tests::j24k3e2_quarantine_byte_drift_is_refused_before_intent stdout ----

thread 'installation_publication_mutation_tests::j24k3e2_quarantine_byte_drift_is_refused_before_intent' (103205) panicked at src/installation_publication_mutation_tests.rs:161:10:
called `Result::unwrap()` on an `Err` value: M3Error { code: "launch_environment", message: "SystemRoot is unavailable" }

---- installation_publication_mutation_tests::j24k3e2_rename_uses_exact_prepared_destination stdout ----

thread 'installation_publication_mutation_tests::j24k3e2_rename_uses_exact_prepared_destination' (103207) panicked at src/installation_publication_mutation_tests.rs:161:10:
called `Result::unwrap()` on an `Err` value: M3Error { code: "launch_environment", message: "SystemRoot is unavailable" }

---- installation_publication_mutation_tests::j24k3e2_record_without_destination_fails_closed stdout ----

thread 'installation_publication_mutation_tests::j24k3e2_record_without_destination_fails_closed' (103206) panicked at src/installation_publication_mutation_tests.rs:161:10:
called `Result::unwrap()` on an `Err` value: M3Error { code: "launch_environment", message: "SystemRoot is unavailable" }

---- installation_publication_mutation_tests::j24k3e2_returned_and_published_record_equal_prepared stdout ----

thread 'installation_publication_mutation_tests::j24k3e2_returned_and_published_record_equal_prepared' (103208) panicked at src/installation_publication_mutation_tests.rs:161:10:
called `Result::unwrap()` on an `Err` value: M3Error { code: "launch_environment", message: "SystemRoot is unavailable" }

---- installation_publication_mutation_tests::j24k3e2_publication_retains_original_uuid_and_timestamp stdout ----

thread 'installation_publication_mutation_tests::j24k3e2_publication_retains_original_uuid_and_timestamp' (103204) panicked at src/installation_publication_mutation_tests.rs:161:10:
called `Result::unwrap()` on an `Err` value: M3Error { code: "launch_environment", message: "SystemRoot is unavailable" }

---- installation_publication_mutation_tests::j24k3e2_same_transaction_cannot_duplicate_publication stdout ----

thread 'installation_publication_mutation_tests::j24k3e2_same_transaction_cannot_duplicate_publication' (103209) panicked at src/installation_publication_mutation_tests.rs:161:10:
called `Result::unwrap()` on an `Err` value: M3Error { code: "launch_environment", message: "SystemRoot is unavailable" }

---- installation_publication_mutation_tests::j24k3e2_stale_evidence_before_mutation_creates_no_intent stdout ----

thread 'installation_publication_mutation_tests::j24k3e2_stale_evidence_before_mutation_creates_no_intent' (103210) panicked at src/installation_publication_mutation_tests.rs:161:10:
called `Result::unwrap()` on an `Err` value: M3Error { code: "launch_environment", message: "SystemRoot is unavailable" }

---- installation_publication_mutation_tests::j24k3e2_success_leaves_idle_recovery_no_intent_no_staging stdout ----

thread 'installation_publication_mutation_tests::j24k3e2_success_leaves_idle_recovery_no_intent_no_staging' (103211) panicked at src/installation_publication_mutation_tests.rs:161:10:
called `Result::unwrap()` on an `Err` value: M3Error { code: "launch_environment", message: "SystemRoot is unavailable" }

---- installation_publication_preparation_tests::j24k3e1_created_time_is_nonzero_and_frozen_through_validation stdout ----

thread 'installation_publication_preparation_tests::j24k3e1_created_time_is_nonzero_and_frozen_through_validation' (103214) panicked at src/installation_publication_preparation_tests.rs:162:10:
called `Result::unwrap()` on an `Err` value: M3Error { code: "launch_environment", message: "SystemRoot is unavailable" }

---- installation_publication_preparation_tests::j24k3e1_authoritative_plan_changed_after_before_plan_is_refused stdout ----

thread 'installation_publication_preparation_tests::j24k3e1_authoritative_plan_changed_after_before_plan_is_refused' (103213) panicked at src/installation_publication_preparation_tests.rs:162:10:
called `Result::unwrap()` on an `Err` value: M3Error { code: "launch_environment", message: "SystemRoot is unavailable" }

---- installation_publication_mutation_tests::j24k3e2_valid_prepared_publication_completes_exactly_once stdout ----

thread 'installation_publication_mutation_tests::j24k3e2_valid_prepared_publication_completes_exactly_once' (103212) panicked at src/installation_publication_mutation_tests.rs:161:10:
called `Result::unwrap()` on an `Err` value: M3Error { code: "launch_environment", message: "SystemRoot is unavailable" }

---- installation_publication_preparation_tests::j24k3e1_disabled_bindings_match_candidate_capabilities_in_accepted_order stdout ----

thread 'installation_publication_preparation_tests::j24k3e1_disabled_bindings_match_candidate_capabilities_in_accepted_order' (103217) panicked at src/installation_publication_preparation_tests.rs:162:10:
called `Result::unwrap()` on an `Err` value: M3Error { code: "launch_environment", message: "SystemRoot is unavailable" }

---- installation_publication_preparation_tests::j24k3e1_destination_is_exactly_plug_installed_id stdout ----

thread 'installation_publication_preparation_tests::j24k3e1_destination_is_exactly_plug_installed_id' (103215) panicked at src/installation_publication_preparation_tests.rs:162:10:
called `Result::unwrap()` on an `Err` value: M3Error { code: "launch_environment", message: "SystemRoot is unavailable" }

---- installation_publication_preparation_tests::j24k3e1_digests_remain_stable_under_repeated_validation stdout ----

thread 'installation_publication_preparation_tests::j24k3e1_digests_remain_stable_under_repeated_validation' (103216) panicked at src/installation_publication_preparation_tests.rs:162:10:
called `Result::unwrap()` on an `Err` value: M3Error { code: "launch_environment", message: "SystemRoot is unavailable" }

---- installation_publication_preparation_tests::j24k3e1_drifted_approval_evidence_is_refused stdout ----

thread 'installation_publication_preparation_tests::j24k3e1_drifted_approval_evidence_is_refused' (103218) panicked at src/installation_publication_preparation_tests.rs:162:10:
called `Result::unwrap()` on an `Err` value: M3Error { code: "launch_environment", message: "SystemRoot is unavailable" }

---- installation_publication_preparation_tests::j24k3e1_duplicate_installed_release_is_refused stdout ----

thread 'installation_publication_preparation_tests::j24k3e1_duplicate_installed_release_is_refused' (103221) panicked at src/installation_publication_preparation_tests.rs:162:10:
called `Result::unwrap()` on an `Err` value: M3Error { code: "launch_environment", message: "SystemRoot is unavailable" }

---- installation_publication_preparation_tests::j24k3e1_drifted_launch_profile_is_refused stdout ----

thread 'installation_publication_preparation_tests::j24k3e1_drifted_launch_profile_is_refused' (103220) panicked at src/installation_publication_preparation_tests.rs:162:10:
called `Result::unwrap()` on an `Err` value: M3Error { code: "launch_environment", message: "SystemRoot is unavailable" }

---- installation_publication_preparation_tests::j24k3e1_drifted_conformance_evidence_is_refused stdout ----

thread 'installation_publication_preparation_tests::j24k3e1_drifted_conformance_evidence_is_refused' (103219) panicked at src/installation_publication_preparation_tests.rs:162:10:
called `Result::unwrap()` on an `Err` value: M3Error { code: "launch_environment", message: "SystemRoot is unavailable" }

---- installation_publication_preparation_tests::j24k3e1_forged_before_plan_pins_are_refused_without_mutation stdout ----

thread 'installation_publication_preparation_tests::j24k3e1_forged_before_plan_pins_are_refused_without_mutation' (103222) panicked at src/installation_publication_preparation_tests.rs:162:10:
called `Result::unwrap()` on an `Err` value: M3Error { code: "launch_environment", message: "SystemRoot is unavailable" }

---- installation_publication_preparation_tests::j24k3e1_forged_installed_pins_are_refused_without_mutation stdout ----

thread 'installation_publication_preparation_tests::j24k3e1_forged_installed_pins_are_refused_without_mutation' (103223) panicked at src/installation_publication_preparation_tests.rs:162:10:
called `Result::unwrap()` on an `Err` value: M3Error { code: "launch_environment", message: "SystemRoot is unavailable" }

---- installation_publication_preparation_tests::j24k3e1_global_untracked_final_destination_blocks_preparation stdout ----

thread 'installation_publication_preparation_tests::j24k3e1_global_untracked_final_destination_blocks_preparation' (103224) panicked at src/installation_publication_preparation_tests.rs:162:10:
called `Result::unwrap()` on an `Err` value: M3Error { code: "launch_environment", message: "SystemRoot is unavailable" }

---- installation_publication_preparation_tests::j24k3e1_malformed_intent_blocks_preparation_and_is_retained stdout ----

thread 'installation_publication_preparation_tests::j24k3e1_malformed_intent_blocks_preparation_and_is_retained' (103227) panicked at src/installation_publication_preparation_tests.rs:162:10:
called `Result::unwrap()` on an `Err` value: M3Error { code: "launch_environment", message: "SystemRoot is unavailable" }

---- installation_publication_preparation_tests::j24k3e1_independent_preparations_differ_in_identity_but_both_stay_read_only stdout ----

thread 'installation_publication_preparation_tests::j24k3e1_independent_preparations_differ_in_identity_but_both_stay_read_only' (103225) panicked at src/installation_publication_preparation_tests.rs:162:10:
called `Result::unwrap()` on an `Err` value: M3Error { code: "launch_environment", message: "SystemRoot is unavailable" }

---- installation_publication_preparation_tests::j24k3e1_intent_record_and_destination_identity_agree stdout ----

thread 'installation_publication_preparation_tests::j24k3e1_intent_record_and_destination_identity_agree' (103226) panicked at src/installation_publication_preparation_tests.rs:162:10:
called `Result::unwrap()` on an `Err` value: M3Error { code: "launch_environment", message: "SystemRoot is unavailable" }

---- installation_publication_preparation_tests::j24k3e1_missing_candidate_is_refused stdout ----

thread 'installation_publication_preparation_tests::j24k3e1_missing_candidate_is_refused' (103228) panicked at src/installation_publication_preparation_tests.rs:162:10:
called `Result::unwrap()` on an `Err` value: M3Error { code: "launch_environment", message: "SystemRoot is unavailable" }

---- installation_publication_preparation_tests::j24k3e1_missing_exact_trust_is_refused stdout ----

thread 'installation_publication_preparation_tests::j24k3e1_missing_exact_trust_is_refused' (103229) panicked at src/installation_publication_preparation_tests.rs:162:10:
called `Result::unwrap()` on an `Err` value: M3Error { code: "launch_environment", message: "SystemRoot is unavailable" }

---- installation_publication_preparation_tests::j24k3e1_no_intent_staging_destination_or_record_is_created stdout ----

thread 'installation_publication_preparation_tests::j24k3e1_no_intent_staging_destination_or_record_is_created' (103230) panicked at src/installation_publication_preparation_tests.rs:162:10:
called `Result::unwrap()` on an `Err` value: M3Error { code: "launch_environment", message: "SystemRoot is unavailable" }

---- installation_publication_preparation_tests::j24k3e1_non_publication_action_is_refused_without_mutation stdout ----

thread 'installation_publication_preparation_tests::j24k3e1_non_publication_action_is_refused_without_mutation' (103231) panicked at src/installation_publication_preparation_tests.rs:162:10:
called `Result::unwrap()` on an `Err` value: M3Error { code: "launch_environment", message: "SystemRoot is unavailable" }

---- installation_publication_preparation_tests::j24k3e1_prepared_installed_id_is_canonical_lowercase_uuid stdout ----

thread 'installation_publication_preparation_tests::j24k3e1_prepared_installed_id_is_canonical_lowercase_uuid' (103233) panicked at src/installation_publication_preparation_tests.rs:162:10:
called `Result::unwrap()` on an `Err` value: M3Error { code: "launch_environment", message: "SystemRoot is unavailable" }

---- installation_publication_preparation_tests::j24k3e1_quarantine_byte_drift_is_refused stdout ----

thread 'installation_publication_preparation_tests::j24k3e1_quarantine_byte_drift_is_refused' (103235) panicked at src/installation_publication_preparation_tests.rs:162:10:
called `Result::unwrap()` on an `Err` value: M3Error { code: "launch_environment", message: "SystemRoot is unavailable" }

---- installation_publication_preparation_tests::j24k3e1_pending_recovery_intent_blocks_preparation_and_is_retained stdout ----

thread 'installation_publication_preparation_tests::j24k3e1_pending_recovery_intent_blocks_preparation_and_is_retained' (103232) panicked at src/installation_publication_preparation_tests.rs:162:10:
called `Result::unwrap()` on an `Err` value: M3Error { code: "launch_environment", message: "SystemRoot is unavailable" }

---- installation_publication_preparation_tests::j24k3e1_publication_ready_evidence_produces_sealed_prepared_value stdout ----

thread 'installation_publication_preparation_tests::j24k3e1_publication_ready_evidence_produces_sealed_prepared_value' (103234) panicked at src/installation_publication_preparation_tests.rs:162:10:
called `Result::unwrap()` on an `Err` value: M3Error { code: "launch_environment", message: "SystemRoot is unavailable" }

---- installation_publication_preparation_tests::j24k3e1_successful_preparation_leaves_all_durable_roots_unchanged stdout ----

thread 'installation_publication_preparation_tests::j24k3e1_successful_preparation_leaves_all_durable_roots_unchanged' (103239) panicked at src/installation_publication_preparation_tests.rs:162:10:
called `Result::unwrap()` on an `Err` value: M3Error { code: "launch_environment", message: "SystemRoot is unavailable" }

---- installation_publication_preparation_tests::j24k3e1_record_fields_exactly_match_pinned_evidence stdout ----

thread 'installation_publication_preparation_tests::j24k3e1_record_fields_exactly_match_pinned_evidence' (103236) panicked at src/installation_publication_preparation_tests.rs:162:10:
called `Result::unwrap()` on an `Err` value: M3Error { code: "launch_environment", message: "SystemRoot is unavailable" }

---- installation_publication_preparation_tests::j24k3e1_torn_intent_state_blocks_preparation_and_is_retained stdout ----

thread 'installation_publication_preparation_tests::j24k3e1_torn_intent_state_blocks_preparation_and_is_retained' (103240) panicked at src/installation_publication_preparation_tests.rs:162:10:
called `Result::unwrap()` on an `Err` value: M3Error { code: "launch_environment", message: "SystemRoot is unavailable" }

---- installation_publication_preparation_tests::j24k3e1_stale_before_plan_identity_is_refused_without_mutation stdout ----

thread 'installation_publication_preparation_tests::j24k3e1_stale_before_plan_identity_is_refused_without_mutation' (103238) panicked at src/installation_publication_preparation_tests.rs:162:10:
called `Result::unwrap()` on an `Err` value: M3Error { code: "launch_environment", message: "SystemRoot is unavailable" }

---- installation_publication_preparation_tests::j24k3e1_staging_recovery_conflict_is_not_cleaned_or_adopted stdout ----

thread 'installation_publication_preparation_tests::j24k3e1_staging_recovery_conflict_is_not_cleaned_or_adopted' (103237) panicked at src/installation_publication_preparation_tests.rs:162:10:
called `Result::unwrap()` on an `Err` value: M3Error { code: "launch_environment", message: "SystemRoot is unavailable" }

---- installation_publication_preparation_tests::j24k3e1_wrong_before_plan_action_is_refused_without_mutation stdout ----

thread 'installation_publication_preparation_tests::j24k3e1_wrong_before_plan_action_is_refused_without_mutation' (103242) panicked at src/installation_publication_preparation_tests.rs:162:10:
called `Result::unwrap()` on an `Err` value: M3Error { code: "launch_environment", message: "SystemRoot is unavailable" }

---- installation_publication_preparation_tests::j24k3e1_unsafe_intent_root_preserves_unsafe_store_path stdout ----

thread 'installation_publication_preparation_tests::j24k3e1_unsafe_intent_root_preserves_unsafe_store_path' (103241) panicked at src/installation_publication_preparation_tests.rs:162:10:
called `Result::unwrap()` on an `Err` value: M3Error { code: "launch_environment", message: "SystemRoot is unavailable" }

---- installation_recovery_evidence_tests::j24k3c3_approval_payload_drift_fails_stale stdout ----

thread 'installation_recovery_evidence_tests::j24k3c3_approval_payload_drift_fails_stale' (103291) panicked at src/installation_recovery_evidence_tests.rs:232:10:
called `Result::unwrap()` on an `Err` value: M3Error { code: "launch_environment", message: "SystemRoot is unavailable" }

---- installation_recovery_evidence_tests::j24k3c3_approval_candidate_drift_fails_stale stdout ----

thread 'installation_recovery_evidence_tests::j24k3c3_approval_candidate_drift_fails_stale' (103288) panicked at src/installation_recovery_evidence_tests.rs:232:10:
called `Result::unwrap()` on an `Err` value: M3Error { code: "launch_environment", message: "SystemRoot is unavailable" }

---- installation_recovery_evidence_tests::j24k3c3_approval_launch_drift_fails_stale stdout ----

thread 'installation_recovery_evidence_tests::j24k3c3_approval_launch_drift_fails_stale' (103290) panicked at src/installation_recovery_evidence_tests.rs:232:10:
called `Result::unwrap()` on an `Err` value: M3Error { code: "launch_environment", message: "SystemRoot is unavailable" }

---- installation_recovery_evidence_tests::j24k3c3_approval_conformance_drift_fails_stale stdout ----

thread 'installation_recovery_evidence_tests::j24k3c3_approval_conformance_drift_fails_stale' (103289) panicked at src/installation_recovery_evidence_tests.rs:232:10:
called `Result::unwrap()` on an `Err` value: M3Error { code: "launch_environment", message: "SystemRoot is unavailable" }

---- installation_recovery_evidence_tests::j24k3c3_approval_provider_drift_fails_stale stdout ----

thread 'installation_recovery_evidence_tests::j24k3c3_approval_provider_drift_fails_stale' (103292) panicked at src/installation_recovery_evidence_tests.rs:232:10:
called `Result::unwrap()` on an `Err` value: M3Error { code: "launch_environment", message: "SystemRoot is unavailable" }

---- installation_recovery_evidence_tests::j24k3c3_approval_reviewed_capability_drift_fails_stale stdout ----

thread 'installation_recovery_evidence_tests::j24k3c3_approval_reviewed_capability_drift_fails_stale' (103293) panicked at src/installation_recovery_evidence_tests.rs:232:10:
called `Result::unwrap()` on an `Err` value: M3Error { code: "launch_environment", message: "SystemRoot is unavailable" }

---- installation_recovery_evidence_tests::j24k3c3_approval_trust_drift_fails_stale stdout ----

thread 'installation_recovery_evidence_tests::j24k3c3_approval_trust_drift_fails_stale' (103294) panicked at src/installation_recovery_evidence_tests.rs:232:10:
called `Result::unwrap()` on an `Err` value: M3Error { code: "launch_environment", message: "SystemRoot is unavailable" }

---- installation_recovery_evidence_tests::j24k3c3_candidate_stale_launch_profile_fails_stale stdout ----

thread 'installation_recovery_evidence_tests::j24k3c3_candidate_stale_launch_profile_fails_stale' (103296) panicked at src/installation_recovery_evidence_tests.rs:232:10:
called `Result::unwrap()` on an `Err` value: M3Error { code: "launch_environment", message: "SystemRoot is unavailable" }

---- installation_recovery_evidence_tests::j24k3c3_candidate_mismatch_fails_stale stdout ----

thread 'installation_recovery_evidence_tests::j24k3c3_candidate_mismatch_fails_stale' (103295) panicked at src/installation_recovery_evidence_tests.rs:232:10:
called `Result::unwrap()` on an `Err` value: M3Error { code: "launch_environment", message: "SystemRoot is unavailable" }

---- installation_recovery_evidence_tests::j24k3c3_changed_exact_trust_record_fails_stale stdout ----

thread 'installation_recovery_evidence_tests::j24k3c3_changed_exact_trust_record_fails_stale' (103297) panicked at src/installation_recovery_evidence_tests.rs:232:10:
called `Result::unwrap()` on an `Err` value: M3Error { code: "launch_environment", message: "SystemRoot is unavailable" }

---- installation_recovery_evidence_tests::j24k3c3_changed_scope_digest_fails_stale stdout ----

thread 'installation_recovery_evidence_tests::j24k3c3_changed_scope_digest_fails_stale' (103298) panicked at src/installation_recovery_evidence_tests.rs:232:10:
called `Result::unwrap()` on an `Err` value: M3Error { code: "launch_environment", message: "SystemRoot is unavailable" }

---- installation_recovery_evidence_tests::j24k3c3_changed_scope_schema_with_valid_digest_fails_stale stdout ----

thread 'installation_recovery_evidence_tests::j24k3c3_changed_scope_schema_with_valid_digest_fails_stale' (103299) panicked at src/installation_recovery_evidence_tests.rs:232:10:
called `Result::unwrap()` on an `Err` value: M3Error { code: "launch_environment", message: "SystemRoot is unavailable" }

---- installation_recovery_evidence_tests::j24k3c3_digest_mismatched_approval_fails_stale stdout ----

thread 'installation_recovery_evidence_tests::j24k3c3_digest_mismatched_approval_fails_stale' (103301) panicked at src/installation_recovery_evidence_tests.rs:232:10:
called `Result::unwrap()` on an `Err` value: M3Error { code: "launch_environment", message: "SystemRoot is unavailable" }

---- installation_recovery_evidence_tests::j24k3c3_differently_authorised_trust_fails_stale stdout ----

thread 'installation_recovery_evidence_tests::j24k3c3_differently_authorised_trust_fails_stale' (103300) panicked at src/installation_recovery_evidence_tests.rs:232:10:
called `Result::unwrap()` on an `Err` value: M3Error { code: "launch_environment", message: "SystemRoot is unavailable" }

---- installation_recovery_evidence_tests::j24k3c3_disabled_target_state_passes_validation stdout ----

thread 'installation_recovery_evidence_tests::j24k3c3_disabled_target_state_passes_validation' (103302) panicked at src/installation_recovery_evidence_tests.rs:232:10:
called `Result::unwrap()` on an `Err` value: M3Error { code: "launch_environment", message: "SystemRoot is unavailable" }

---- installation_recovery_evidence_tests::j24k3c3_exact_candidate_trust_scope_passes_validation stdout ----

thread 'installation_recovery_evidence_tests::j24k3c3_exact_candidate_trust_scope_passes_validation' (103303) panicked at src/installation_recovery_evidence_tests.rs:232:10:
called `Result::unwrap()` on an `Err` value: M3Error { code: "launch_environment", message: "SystemRoot is unavailable" }

---- installation_recovery_evidence_tests::j24k3c3_genuine_io_failure_maps_to_recovery_io stdout ----

thread 'installation_recovery_evidence_tests::j24k3c3_genuine_io_failure_maps_to_recovery_io' (103304) panicked at src/installation_recovery_evidence_tests.rs:232:10:
called `Result::unwrap()` on an `Err` value: M3Error { code: "launch_environment", message: "SystemRoot is unavailable" }

---- installation_recovery_evidence_tests::j24k3c3_installed_record_architecture_drift_fails_stale stdout ----

thread 'installation_recovery_evidence_tests::j24k3c3_installed_record_architecture_drift_fails_stale' (103306) panicked at src/installation_recovery_evidence_tests.rs:232:10:
called `Result::unwrap()` on an `Err` value: M3Error { code: "launch_environment", message: "SystemRoot is unavailable" }

---- installation_recovery_evidence_tests::j24k3c3_installed_record_approval_drift_fails_stale stdout ----

thread 'installation_recovery_evidence_tests::j24k3c3_installed_record_approval_drift_fails_stale' (103305) panicked at src/installation_recovery_evidence_tests.rs:232:10:
called `Result::unwrap()` on an `Err` value: M3Error { code: "launch_environment", message: "SystemRoot is unavailable" }

---- installation_recovery_evidence_tests::j24k3c3_installed_record_capability_drift_fails_stale stdout ----

thread 'installation_recovery_evidence_tests::j24k3c3_installed_record_capability_drift_fails_stale' (103307) panicked at src/installation_recovery_evidence_tests.rs:232:10:
called `Result::unwrap()` on an `Err` value: M3Error { code: "launch_environment", message: "SystemRoot is unavailable" }

---- installation_recovery_evidence_tests::j24k3c3_installed_record_disabled_binding_drift_fails_stale stdout ----

thread 'installation_recovery_evidence_tests::j24k3c3_installed_record_disabled_binding_drift_fails_stale' (103309) panicked at src/installation_recovery_evidence_tests.rs:232:10:
called `Result::unwrap()` on an `Err` value: M3Error { code: "launch_environment", message: "SystemRoot is unavailable" }

---- installation_recovery_evidence_tests::j24k3c3_installed_record_conformance_drift_fails_stale stdout ----

thread 'installation_recovery_evidence_tests::j24k3c3_installed_record_conformance_drift_fails_stale' (103308) panicked at src/installation_recovery_evidence_tests.rs:232:10:
called `Result::unwrap()` on an `Err` value: M3Error { code: "launch_environment", message: "SystemRoot is unavailable" }

---- installation_recovery_evidence_tests::j24k3c3_installed_record_package_drift_fails_stale stdout ----

thread 'installation_recovery_evidence_tests::j24k3c3_installed_record_package_drift_fails_stale' (103311) panicked at src/installation_recovery_evidence_tests.rs:232:10:
called `Result::unwrap()` on an `Err` value: M3Error { code: "launch_environment", message: "SystemRoot is unavailable" }

---- installation_recovery_evidence_tests::j24k3c3_installed_record_physical_evidence_drift_fails_stale stdout ----

thread 'installation_recovery_evidence_tests::j24k3c3_installed_record_physical_evidence_drift_fails_stale' (103312) panicked at src/installation_recovery_evidence_tests.rs:232:10:
called `Result::unwrap()` on an `Err` value: M3Error { code: "launch_environment", message: "SystemRoot is unavailable" }

---- installation_recovery_evidence_tests::j24k3c3_installed_record_launch_drift_fails_stale stdout ----

thread 'installation_recovery_evidence_tests::j24k3c3_installed_record_launch_drift_fails_stale' (103310) panicked at src/installation_recovery_evidence_tests.rs:232:10:
called `Result::unwrap()` on an `Err` value: M3Error { code: "launch_environment", message: "SystemRoot is unavailable" }

---- installation_recovery_evidence_tests::j24k3c3_installed_record_platform_drift_fails_stale stdout ----

thread 'installation_recovery_evidence_tests::j24k3c3_installed_record_platform_drift_fails_stale' (103313) panicked at src/installation_recovery_evidence_tests.rs:232:10:
called `Result::unwrap()` on an `Err` value: M3Error { code: "launch_environment", message: "SystemRoot is unavailable" }

---- installation_recovery_evidence_tests::j24k3c3_installed_record_provider_drift_fails_stale stdout ----

thread 'installation_recovery_evidence_tests::j24k3c3_installed_record_provider_drift_fails_stale' (103314) panicked at src/installation_recovery_evidence_tests.rs:232:10:
called `Result::unwrap()` on an `Err` value: M3Error { code: "launch_environment", message: "SystemRoot is unavailable" }

---- installation_recovery_evidence_tests::j24k3c3_installed_record_trust_drift_fails_stale stdout ----

thread 'installation_recovery_evidence_tests::j24k3c3_installed_record_trust_drift_fails_stale' (103315) panicked at src/installation_recovery_evidence_tests.rs:232:10:
called `Result::unwrap()` on an `Err` value: M3Error { code: "launch_environment", message: "SystemRoot is unavailable" }

---- installation_recovery_evidence_tests::j24k3c3_invalid_intent_rejected_before_request_or_store stdout ----

thread 'installation_recovery_evidence_tests::j24k3c3_invalid_intent_rejected_before_request_or_store' (103316) panicked at src/installation_recovery_evidence_tests.rs:232:10:
called `Result::unwrap()` on an `Err` value: M3Error { code: "launch_environment", message: "SystemRoot is unavailable" }

---- installation_recovery_evidence_tests::j24k3c3_invalid_schema_fails_stale stdout ----

thread 'installation_recovery_evidence_tests::j24k3c3_invalid_schema_fails_stale' (103317) panicked at src/installation_recovery_evidence_tests.rs:232:10:
called `Result::unwrap()` on an `Err` value: M3Error { code: "launch_environment", message: "SystemRoot is unavailable" }

---- installation_recovery_evidence_tests::j24k3c3_missing_approval_fails_stale stdout ----

thread 'installation_recovery_evidence_tests::j24k3c3_missing_approval_fails_stale' (103319) panicked at src/installation_recovery_evidence_tests.rs:232:10:
called `Result::unwrap()` on an `Err` value: M3Error { code: "launch_environment", message: "SystemRoot is unavailable" }

---- installation_recovery_evidence_tests::j24k3c3_mismatched_launch_profile_digest_fails_stale stdout ----

thread 'installation_recovery_evidence_tests::j24k3c3_mismatched_launch_profile_digest_fails_stale' (103318) panicked at src/installation_recovery_evidence_tests.rs:232:10:
called `Result::unwrap()` on an `Err` value: M3Error { code: "launch_environment", message: "SystemRoot is unavailable" }

---- installation_recovery_evidence_tests::j24k3c3_missing_conformance_fails_stale stdout ----

thread 'installation_recovery_evidence_tests::j24k3c3_missing_conformance_fails_stale' (103321) panicked at src/installation_recovery_evidence_tests.rs:232:10:
called `Result::unwrap()` on an `Err` value: M3Error { code: "launch_environment", message: "SystemRoot is unavailable" }

---- installation_recovery_evidence_tests::j24k3c3_missing_candidate_fails_stale stdout ----

thread 'installation_recovery_evidence_tests::j24k3c3_missing_candidate_fails_stale' (103320) panicked at src/installation_recovery_evidence_tests.rs:232:10:
called `Result::unwrap()` on an `Err` value: M3Error { code: "launch_environment", message: "SystemRoot is unavailable" }

---- installation_recovery_evidence_tests::j24k3c3_missing_non_isolated_consent_fails_stale stdout ----

thread 'installation_recovery_evidence_tests::j24k3c3_missing_non_isolated_consent_fails_stale' (103324) panicked at src/installation_recovery_evidence_tests.rs:232:10:
called `Result::unwrap()` on an `Err` value: M3Error { code: "launch_environment", message: "SystemRoot is unavailable" }

---- installation_recovery_evidence_tests::j24k3c3_quarantined_byte_mutation_fails_stale stdout ----

thread 'installation_recovery_evidence_tests::j24k3c3_quarantined_byte_mutation_fails_stale' (103327) panicked at src/installation_recovery_evidence_tests.rs:232:10:
called `Result::unwrap()` on an `Err` value: M3Error { code: "launch_environment", message: "SystemRoot is unavailable" }

---- installation_recovery_evidence_tests::j24k3c3_non_passed_conformance_fails_stale stdout ----

thread 'installation_recovery_evidence_tests::j24k3c3_non_passed_conformance_fails_stale' (103325) panicked at src/installation_recovery_evidence_tests.rs:232:10:
called `Result::unwrap()` on an `Err` value: M3Error { code: "launch_environment", message: "SystemRoot is unavailable" }

---- installation_recovery_evidence_tests::j24k3c3_reconstructed_trust_must_equal_intent_trust_evidence stdout ----

thread 'installation_recovery_evidence_tests::j24k3c3_reconstructed_trust_must_equal_intent_trust_evidence' (103328) panicked at src/installation_recovery_evidence_tests.rs:232:10:
called `Result::unwrap()` on an `Err` value: M3Error { code: "launch_environment", message: "SystemRoot is unavailable" }

---- installation_recovery_evidence_tests::j24k3c3_old_suite_conformance_fails_stale stdout ----

thread 'installation_recovery_evidence_tests::j24k3c3_old_suite_conformance_fails_stale' (103326) panicked at src/installation_recovery_evidence_tests.rs:232:10:
called `Result::unwrap()` on an `Err` value: M3Error { code: "launch_environment", message: "SystemRoot is unavailable" }

---- installation_recovery_evidence_tests::j24k3c3_missing_launch_profile_fails_stale stdout ----

thread 'installation_recovery_evidence_tests::j24k3c3_missing_launch_profile_fails_stale' (103323) panicked at src/installation_recovery_evidence_tests.rs:232:10:
called `Result::unwrap()` on an `Err` value: M3Error { code: "launch_environment", message: "SystemRoot is unavailable" }

---- installation_recovery_evidence_tests::j24k3c3_missing_exact_trust_fails_stale stdout ----

thread 'installation_recovery_evidence_tests::j24k3c3_missing_exact_trust_fails_stale' (103322) panicked at src/installation_recovery_evidence_tests.rs:232:10:
called `Result::unwrap()` on an `Err` value: M3Error { code: "launch_environment", message: "SystemRoot is unavailable" }

---- installation_recovery_evidence_tests::j24k3c3_success_leaves_stores_quarantine_and_permissions_unchanged stdout ----

thread 'installation_recovery_evidence_tests::j24k3c3_success_leaves_stores_quarantine_and_permissions_unchanged' (103330) panicked at src/installation_recovery_evidence_tests.rs:232:10:
called `Result::unwrap()` on an `Err` value: M3Error { code: "launch_environment", message: "SystemRoot is unavailable" }

---- installation_recovery_evidence_tests::j24k3c3_scope_schema_match_passes_recovery stdout ----

thread 'installation_recovery_evidence_tests::j24k3c3_scope_schema_match_passes_recovery' (103329) panicked at src/installation_recovery_evidence_tests.rs:232:10:
called `Result::unwrap()` on an `Err` value: M3Error { code: "launch_environment", message: "SystemRoot is unavailable" }

---- installation_recovery_evidence_tests::j24k3c3_unrelated_evidence_does_not_satisfy_pinned_records stdout ----

thread 'installation_recovery_evidence_tests::j24k3c3_unrelated_evidence_does_not_satisfy_pinned_records' (103332) panicked at src/installation_recovery_evidence_tests.rs:232:10:
called `Result::unwrap()` on an `Err` value: M3Error { code: "launch_environment", message: "SystemRoot is unavailable" }

---- installation_recovery_evidence_tests::j24k3c3_tampered_candidate_record_fails_stale stdout ----

thread 'installation_recovery_evidence_tests::j24k3c3_tampered_candidate_record_fails_stale' (103331) panicked at src/installation_recovery_evidence_tests.rs:232:10:
called `Result::unwrap()` on an `Err` value: M3Error { code: "launch_environment", message: "SystemRoot is unavailable" }

---- installation_recovery_evidence_tests::j24k3c3_valid_chain_passes stdout ----

thread 'installation_recovery_evidence_tests::j24k3c3_valid_chain_passes' (103333) panicked at src/installation_recovery_evidence_tests.rs:232:10:
called `Result::unwrap()` on an `Err` value: M3Error { code: "launch_environment", message: "SystemRoot is unavailable" }

---- installation_recovery_execution_tests::j24k3d2_completed_publication_removes_only_intent stdout ----

thread 'installation_recovery_execution_tests::j24k3d2_completed_publication_removes_only_intent' (103336) panicked at src/installation_recovery_execution_tests.rs:362:10:
called `Result::unwrap()` on an `Err` value: M3Error { code: "launch_environment", message: "SystemRoot is unavailable" }

---- installation_recovery_execution_tests::j24k3d2_destination_only_publishes_exact_record_then_returns_idle stdout ----

thread 'installation_recovery_execution_tests::j24k3d2_destination_only_publishes_exact_record_then_returns_idle' (103337) panicked at src/installation_recovery_execution_tests.rs:362:10:
called `Result::unwrap()` on an `Err` value: M3Error { code: "launch_environment", message: "SystemRoot is unavailable" }

---- installation_recovery_execution_tests::j24k3d2_exact_record_publication_preserves_all_record_fields stdout ----

thread 'installation_recovery_execution_tests::j24k3d2_exact_record_publication_preserves_all_record_fields' (103339) panicked at src/installation_recovery_execution_tests.rs:362:10:
called `Result::unwrap()` on an `Err` value: M3Error { code: "launch_environment", message: "SystemRoot is unavailable" }

---- installation_recovery_execution_tests::j24k3d2_destination_publication_requires_completed_replan stdout ----

thread 'installation_recovery_execution_tests::j24k3d2_destination_publication_requires_completed_replan' (103338) panicked at src/installation_recovery_execution_tests.rs:362:10:
called `Result::unwrap()` on an `Err` value: M3Error { code: "launch_environment", message: "SystemRoot is unavailable" }

---- installation_recovery_execution_tests::j24k3d2_record_conflict_retains_intent_and_destination stdout ----

thread 'installation_recovery_execution_tests::j24k3d2_record_conflict_retains_intent_and_destination' (103344) panicked at src/installation_recovery_execution_tests.rs:362:10:
called `Result::unwrap()` on an `Err` value: M3Error { code: "launch_environment", message: "SystemRoot is unavailable" }

---- installation_recovery_execution_tests::j24k3d2_recovery_never_adopts_or_deletes_final_destination stdout ----

thread 'installation_recovery_execution_tests::j24k3d2_recovery_never_adopts_or_deletes_final_destination' (103345) panicked at src/installation_recovery_execution_tests.rs:362:10:
called `Result::unwrap()` on an `Err` value: M3Error { code: "launch_environment", message: "SystemRoot is unavailable" }

---- installation_recovery_execution_tests::j24k3d2_stale_destination_prevents_publication_and_retains_intent stdout ----

thread 'installation_recovery_execution_tests::j24k3d2_stale_destination_prevents_publication_and_retains_intent' (103351) panicked at src/installation_recovery_execution_tests.rs:362:10:
called `Result::unwrap()` on an `Err` value: M3Error { code: "launch_environment", message: "SystemRoot is unavailable" }

---- installation_recovery_execution_tests::j24k3d2_unrelated_stores_remain_unchanged stdout ----

thread 'installation_recovery_execution_tests::j24k3d2_unrelated_stores_remain_unchanged' (103352) panicked at src/installation_recovery_execution_tests.rs:362:10:
called `Result::unwrap()` on an `Err` value: M3Error { code: "launch_environment", message: "SystemRoot is unavailable" }

---- installation_recovery_plan_tests::j24k3d1_completed_with_stale_installed_record_fails_evidence_stale stdout ----

thread 'installation_recovery_plan_tests::j24k3d1_completed_with_stale_installed_record_fails_evidence_stale' (103374) panicked at src/installation_recovery_plan_tests.rs:340:10:
called `Result::unwrap()` on an `Err` value: M3Error { code: "launch_environment", message: "SystemRoot is unavailable" }

---- installation_recovery_plan_tests::j24k3d1_completed_publication_returns_verify_then_remove_intent stdout ----

thread 'installation_recovery_plan_tests::j24k3d1_completed_publication_returns_verify_then_remove_intent' (103372) panicked at src/installation_recovery_plan_tests.rs:340:10:
called `Result::unwrap()` on an `Err` value: M3Error { code: "launch_environment", message: "SystemRoot is unavailable" }

---- installation_recovery_plan_tests::j24k3d1_completed_publication_still_requires_evidence_and_destination stdout ----

thread 'installation_recovery_plan_tests::j24k3d1_completed_publication_still_requires_evidence_and_destination' (103373) panicked at src/installation_recovery_plan_tests.rs:340:10:
called `Result::unwrap()` on an `Err` value: M3Error { code: "launch_environment", message: "SystemRoot is unavailable" }

---- installation_recovery_plan_tests::j24k3d1_destination_digest_drift_fails_recovery_conflict stdout ----

thread 'installation_recovery_plan_tests::j24k3d1_destination_digest_drift_fails_recovery_conflict' (103375) panicked at src/installation_recovery_plan_tests.rs:340:10:
called `Result::unwrap()` on an `Err` value: M3Error { code: "launch_environment", message: "SystemRoot is unavailable" }

---- installation_recovery_plan_tests::j24k3d1_destination_file_set_drift_fails_recovery_conflict stdout ----

thread 'installation_recovery_plan_tests::j24k3d1_destination_file_set_drift_fails_recovery_conflict' (103376) panicked at src/installation_recovery_plan_tests.rs:340:10:
called `Result::unwrap()` on an `Err` value: M3Error { code: "launch_environment", message: "SystemRoot is unavailable" }

---- installation_recovery_plan_tests::j24k3d1_destination_only_with_evidence_returns_revalidate_then_publish stdout ----

thread 'installation_recovery_plan_tests::j24k3d1_destination_only_with_evidence_returns_revalidate_then_publish' (103377) panicked at src/installation_recovery_plan_tests.rs:340:10:
called `Result::unwrap()` on an `Err` value: M3Error { code: "launch_environment", message: "SystemRoot is unavailable" }

---- installation_recovery_plan_tests::j24k3d1_destination_size_drift_fails_recovery_conflict stdout ----

thread 'installation_recovery_plan_tests::j24k3d1_destination_size_drift_fails_recovery_conflict' (103379) panicked at src/installation_recovery_plan_tests.rs:340:10:
called `Result::unwrap()` on an `Err` value: M3Error { code: "launch_environment", message: "SystemRoot is unavailable" }

---- installation_recovery_plan_tests::j24k3d1_destination_permission_drift_fails_recovery_conflict stdout ----

thread 'installation_recovery_plan_tests::j24k3d1_destination_permission_drift_fails_recovery_conflict' (103378) panicked at src/installation_recovery_plan_tests.rs:340:10:
called `Result::unwrap()` on an `Err` value: M3Error { code: "launch_environment", message: "SystemRoot is unavailable" }

---- installation_recovery_plan_tests::j24k3d1_destination_symlink_is_rejected_at_planner_entry stdout ----

thread 'installation_recovery_plan_tests::j24k3d1_destination_symlink_is_rejected_at_planner_entry' (103380) panicked at src/installation_recovery_plan_tests.rs:340:10:
called `Result::unwrap()` on an `Err` value: M3Error { code: "launch_environment", message: "SystemRoot is unavailable" }

---- installation_recovery_plan_tests::j24k3d1_record_root_symlink_is_rejected_at_planner_entry stdout ----

thread 'installation_recovery_plan_tests::j24k3d1_record_root_symlink_is_rejected_at_planner_entry' (103386) panicked at src/installation_recovery_plan_tests.rs:340:10:
called `Result::unwrap()` on an `Err` value: M3Error { code: "launch_environment", message: "SystemRoot is unavailable" }

---- installation_recovery_plan_tests::j24k3d1_removed_open_install_root_returns_recovery_io stdout ----

thread 'installation_recovery_plan_tests::j24k3d1_removed_open_install_root_returns_recovery_io' (103388) panicked at src/installation_recovery_plan_tests.rs:340:10:
called `Result::unwrap()` on an `Err` value: M3Error { code: "launch_environment", message: "SystemRoot is unavailable" }

---- installation_recovery_plan_tests::j24k3d1_stale_conformance_pin_fails_evidence_stale stdout ----

thread 'installation_recovery_plan_tests::j24k3d1_stale_conformance_pin_fails_evidence_stale' (103394) panicked at src/installation_recovery_plan_tests.rs:340:10:
called `Result::unwrap()` on an `Err` value: M3Error { code: "launch_environment", message: "SystemRoot is unavailable" }

---- installation_recovery_plan_tests::j24k3d1_stale_candidate_pin_fails_evidence_stale stdout ----

thread 'installation_recovery_plan_tests::j24k3d1_stale_candidate_pin_fails_evidence_stale' (103393) panicked at src/installation_recovery_plan_tests.rs:340:10:
called `Result::unwrap()` on an `Err` value: M3Error { code: "launch_environment", message: "SystemRoot is unavailable" }

---- installation_recovery_plan_tests::j24k3d1_stale_launch_pin_fails_evidence_stale stdout ----

thread 'installation_recovery_plan_tests::j24k3d1_stale_launch_pin_fails_evidence_stale' (103395) panicked at src/installation_recovery_plan_tests.rs:340:10:
called `Result::unwrap()` on an `Err` value: M3Error { code: "launch_environment", message: "SystemRoot is unavailable" }

---- installation_recovery_plan_tests::j24k3d1_stale_approval_pin_fails_evidence_stale stdout ----

thread 'installation_recovery_plan_tests::j24k3d1_stale_approval_pin_fails_evidence_stale' (103392) panicked at src/installation_recovery_plan_tests.rs:340:10:
called `Result::unwrap()` on an `Err` value: M3Error { code: "launch_environment", message: "SystemRoot is unavailable" }

---- installation_recovery_plan_tests::j24k3d1_stale_request_pin_fails_evidence_stale stdout ----

thread 'installation_recovery_plan_tests::j24k3d1_stale_request_pin_fails_evidence_stale' (103396) panicked at src/installation_recovery_plan_tests.rs:340:10:
called `Result::unwrap()` on an `Err` value: M3Error { code: "launch_environment", message: "SystemRoot is unavailable" }

---- installation_recovery_plan_tests::j24k3d1_stale_trust_pin_fails_evidence_stale stdout ----

thread 'installation_recovery_plan_tests::j24k3d1_stale_trust_pin_fails_evidence_stale' (103397) panicked at src/installation_recovery_plan_tests.rs:340:10:
called `Result::unwrap()` on an `Err` value: M3Error { code: "launch_environment", message: "SystemRoot is unavailable" }

---- installation_recovery_plan_tests::j24k3d1_untracked_sibling_destination_fails stdout ----

thread 'installation_recovery_plan_tests::j24k3d1_untracked_sibling_destination_fails' (103399) panicked at src/installation_recovery_plan_tests.rs:340:10:
called `Result::unwrap()` on an `Err` value: M3Error { code: "launch_environment", message: "SystemRoot is unavailable" }

---- installation_recovery_plan_tests::j24k3d1_successful_planning_route_is_read_only stdout ----

thread 'installation_recovery_plan_tests::j24k3d1_successful_planning_route_is_read_only' (103398) panicked at src/installation_recovery_plan_tests.rs:340:10:
called `Result::unwrap()` on an `Err` value: M3Error { code: "launch_environment", message: "SystemRoot is unavailable" }

---- plug_command::tests::j24f_relative_stage_paths_are_rejected_before_service_call stdout ----

thread 'plug_command::tests::j24f_relative_stage_paths_are_rejected_before_service_call' (103571) panicked at src/plug_command.rs:1031:9:
assertion `left == right` failed
  left: Some("/host-data-root")
 right: Some("/package")

---- plug_install_command::tests::j24l2_missing_host_data_root_returns_unavailable stdout ----

thread 'plug_install_command::tests::j24l2_missing_host_data_root_returns_unavailable' (103603) panicked at src/plug_install_command.rs:906:9:
assertion `left == right` failed
  left: 2
 right: 4

---- plug_install_command::tests::j24l2_relative_request_path_returns_error_creates_nothing stdout ----

thread 'plug_install_command::tests::j24l2_relative_request_path_returns_error_creates_nothing' (103607) panicked at src/plug_install_command.rs:888:9:
assertion `left == right` failed
  left: "--host-data-root must be absolute"
 right: "--request must be absolute"

---- plug_pack::tests::p2a_refuses_wrong_extension stdout ----

thread 'plug_pack::tests::p2a_refuses_wrong_extension' (103623) panicked at src/plug_pack.rs:1173:9:
assertion failed: err.message.contains(".tetherplug")

---- runtime_config::tests::j12_packet1_absolute_manifest_path_rejected stdout ----

thread 'runtime_config::tests::j12_packet1_absolute_manifest_path_rejected' (103805) panicked at src/runtime_config.rs:1391:49:
called `Result::unwrap_err()` on an `Ok` value: RuntimeConfig { format_version: "0.1", max_active_together_invocations: 2, tether_set: TetherSetConfig { id: "example.local", version: "1", tethers: [TetherRef { id: "record-completed-task", version: "demo-v1", source_path: "tethers/record-completed-task.tether", core_environment: None }], capability_requirements: [CapabilityRequirementConfig { name: "lantern.task.record", version: 1, reason: Some("Record a completed task") }] }, providers: [ProviderBindingConfig { id: "lantern-local", display_name: "Lantern Local", transport: TransportConfig { kind: Stdio, command: "pwsh.exe", args: ["-NoProfile", "-File", "providers/lantern.ps1"], protocol_version: "2025-11-25" }, capabilities: [ProviderCapabilityConfig { name: "lantern.task.record", version: 1, manifest_path: "C:\\absolute\\path.json", pinned_digest: "sha256:0000000000000000000000000000000000000000000000000000000000000000", scope_binding: None }] }], policy: PolicyConfig { default: Deny, rules: [PolicyRuleConfig { name: "lantern.task.record", version: 1, decision: Allow }] }, authority: None }

---- runtime_config::tests::j12_packet1_absolute_source_path_rejected stdout ----

thread 'runtime_config::tests::j12_packet1_absolute_source_path_rejected' (103806) panicked at src/runtime_config.rs:1391:49:
called `Result::unwrap_err()` on an `Ok` value: RuntimeConfig { format_version: "0.1", max_active_together_invocations: 2, tether_set: TetherSetConfig { id: "example.local", version: "1", tethers: [TetherRef { id: "record-completed-task", version: "demo-v1", source_path: "C:\\absolute\\path.tether", core_environment: None }], capability_requirements: [CapabilityRequirementConfig { name: "lantern.task.record", version: 1, reason: Some("Record a completed task") }] }, providers: [ProviderBindingConfig { id: "lantern-local", display_name: "Lantern Local", transport: TransportConfig { kind: Stdio, command: "pwsh.exe", args: ["-NoProfile", "-File", "providers/lantern.ps1"], protocol_version: "2025-11-25" }, capabilities: [ProviderCapabilityConfig { name: "lantern.task.record", version: 1, manifest_path: "manifests/lantern-task-record.json", pinned_digest: "sha256:0000000000000000000000000000000000000000000000000000000000000000", scope_binding: None }] }], policy: PolicyConfig { default: Deny, rules: [PolicyRuleConfig { name: "lantern.task.record", version: 1, decision: Allow }] }, authority: None }

---- host_execution::tests::j13b_one_retained_provider_serves_multiple_calls_with_monotonic_ids stdout ----

thread 'host_execution::tests::j13b_one_retained_provider_serves_multiple_calls_with_monotonic_ids' (103069) panicked at src/host_execution.rs:3910:78:
called `Result::unwrap()` on an `Err` value: LaunchFailed { command: "pwsh", message: "launch failed for 'pwsh': No such file or directory (os error 2)" }

---- stdio_provider::tests::admitted_fixture_resolves_only_when_host_reports_it_available stdout ----

thread 'stdio_provider::tests::admitted_fixture_resolves_only_when_host_reports_it_available' (103853) panicked at src/stdio_provider.rs:717:92:
called `Result::unwrap()` on an `Err` value: EmptyResponse

---- stdio_provider::tests::j13b_provider_is_unavailable_without_matching_live_discovery_evidence stdout ----

thread 'stdio_provider::tests::j13b_provider_is_unavailable_without_matching_live_discovery_evidence' (103866) panicked at src/stdio_provider.rs:733:84:
called `Result::unwrap()` on an `Err` value: EmptyResponse

---- trail_command::tests::j13c_missing_trail_file_maps_to_not_found stdout ----

thread 'trail_command::tests::j13c_missing_trail_file_maps_to_not_found' (104143) panicked at src/trail_command.rs:562:9:
assertion `left == right` failed
  left: String("invalid_data")
 right: "not_found"

---- validation::tests::r1c_nonexistent_directory_refused stdout ----

thread 'validation::tests::r1c_nonexistent_directory_refused' (104298) panicked at src/validation.rs:1216:9:
expected does-not-exist error, got: canonical-directory: path must be absolute: C:\nonexistent-directory-xyzzy

---- stdio_provider::tests::duplicate_tool_fails_closed stdout ----

thread 'stdio_provider::tests::duplicate_tool_fails_closed' (103857) panicked at src/stdio_provider.rs:676:9:
unexpected error for mode duplicate-tool: provider returned no response

---- stdio_provider::tests::initialization_error_fails_closed stdout ----

thread 'stdio_provider::tests::initialization_error_fails_closed' (103860) panicked at src/stdio_provider.rs:676:9:
unexpected error for mode initialization-error: provider returned no response

---- stdio_provider::tests::incompatible_protocol_version_fails_closed stdout ----

thread 'stdio_provider::tests::incompatible_protocol_version_fails_closed' (103859) panicked at src/stdio_provider.rs:676:9:
unexpected error for mode incompatible-version: provider returned no response

---- stdio_provider::tests::j13b_live_tools_list_schema_mismatch_is_not_admitted_available stdout ----

thread 'stdio_provider::tests::j13b_live_tools_list_schema_mismatch_is_not_admitted_available' (103861) panicked at src/stdio_provider.rs:676:9:
unexpected error for mode input-schema-mismatch: provider returned no response

---- stdio_provider::tests::missing_tool_fails_closed stdout ----

thread 'stdio_provider::tests::missing_tool_fails_closed' (103877) panicked at src/stdio_provider.rs:676:9:
unexpected error for mode missing-tool: provider returned no response

---- stdio_provider::tests::output_schema_mismatch_fails_closed stdout ----

thread 'stdio_provider::tests::output_schema_mismatch_fails_closed' (103911) panicked at src/stdio_provider.rs:676:9:
unexpected error for mode output-schema-mismatch: provider returned no response

---- stdio_provider::tests::malformed_json_rpc_fails_closed stdout ----

thread 'stdio_provider::tests::malformed_json_rpc_fails_closed' (103874) panicked at src/stdio_provider.rs:676:9:
unexpected error for mode malformed-json: provider returned no response

---- stdio_provider::tests::provider_description_cannot_rewrite_trusted_manifest stdout ----

thread 'stdio_provider::tests::provider_description_cannot_rewrite_trusted_manifest' (103919) panicked at src/stdio_provider.rs:707:10:
called `Result::unwrap()` on an `Err` value: EmptyResponse

---- stdio_provider::tests::real_mcp_discovery_admits_only_host_owned_manifest stdout ----

thread 'stdio_provider::tests::real_mcp_discovery_admits_only_host_owned_manifest' (104088) panicked at src/stdio_provider.rs:687:88:
called `Result::unwrap()` on an `Err` value: EmptyResponse

---- stdio_provider::tests::server_name_mismatch_fails_closed stdout ----

thread 'stdio_provider::tests::server_name_mismatch_fails_closed' (104092) panicked at src/stdio_provider.rs:676:9:
unexpected error for mode server-name-mismatch: provider returned no response

---- stdio_provider::tests::wrong_tool_name_fails_closed stdout ----

thread 'stdio_provider::tests::wrong_tool_name_fails_closed' (104111) panicked at src/stdio_provider.rs:676:9:
unexpected error for mode wrong-tool: provider returned no response

---- host_execution::tests::c2_a3a_different_provider_tools_call_overlap_is_real stdout ----

thread 'host_execution::tests::c2_a3a_different_provider_tools_call_overlap_is_real' (102660) panicked at src/host_execution.rs:3277:17:
both provider child processes did not reach tools/call

---- host_execution::tests::c2_a3a_same_provider_tools_call_overlap_is_real stdout ----

thread 'host_execution::tests::c2_a3a_same_provider_tools_call_overlap_is_real' (102661) panicked at src/host_execution.rs:3277:17:
both provider child processes did not reach tools/call

---- host_execution::tests::c4_same_provider_overlap_and_inverse_completion_preserves_semantic_order stdout ----

thread 'host_execution::tests::c4_same_provider_overlap_and_inverse_completion_preserves_semantic_order' (103049) panicked at src/host_execution.rs:10744:17:
both same-provider child processes did not reach tools/call


failures:
    application::tests::replay_runtime_integration::j09_runtime_01_cli_accepts_one_absolute_host_data_root
    application::tests::replay_runtime_integration::j09_runtime_02_cli_rejects_duplicate_host_data_root
    application::tests::replay_runtime_integration::j09_runtime_38_trail_and_replay_roots_remain_explicitly_distinct
    child_process::tests::f2a_windows_cleanup_reaps_child_and_joins_threads
    child_process::tests::j13a_named_powershell_child_preserves_piped_protocol
    child_process::tests::j13a_stderr_capture
    current_trust_tests::j24k1_approve_with_authority_uses_and_propagates_supplied_authority
    current_trust_tests::j24k1_install_disabled_invokes_authority_again_after_staging_before_publication
    current_trust_tests::j24k1_install_disabled_with_authority_uses_supplied_authority_at_entry
    current_trust_tests::j24k1_prepared_launch_launch_for_candidate_with_refuses_before_launch
    current_trust_tests::j24k1_prepared_launch_revalidate_current_trust_with_uses_supplied_authority
    current_trust_tests::j24k1_run_host_conformance_with_authority_uses_supplied_authority
    engine_stdio::tests::core9b_t10_identity_separation
    engine_stdio::tests::core9b_t11_bridge_metadata_separation
    engine_stdio::tests::core9b_t12_real_cross_language_e2e
    engine_stdio::tests::core9b_t13_wrong_event_not_matched
    engine_stdio::tests::core9b_t14_occurrence_identity
    engine_stdio::tests::core9b_t4_mcp_tools_list_contains_two
    engine_stdio::tests::core9b_t5_evaluate_is_core
    engine_stdio::tests::core9b_t6_new_evaluate_reaches_core
    engine_stdio::tests::core9b_t7_core_evaluate_works
    engine_stdio::tests::core9b_t8_core_evaluate_returns_matched
    engine_stdio::tests::core9b_t9_no_core_environment_fails
    engine_stdio::tests::j13a_engine_no_tethers_evaluate_sent
    engine_stdio::tests::j13a_engine_one_retained_session_multiple_tethers
    engine_stdio::tests::j13a_real_engine_invalid_tether_via_tools_call
    engine_stdio::tests::j13a_real_engine_valid_tether_via_tools_call
    engine_stdio::tests::j13b_retained_engine_uses_arguments_request_for_multiple_evaluations
    host_execution::tests::c2_a3a_different_provider_tools_call_overlap_is_real
    host_execution::tests::c2_a3a_same_provider_tools_call_overlap_is_real
    host_execution::tests::c2a3a_group_join_after_all_terminals
    host_execution::tests::c2a3a_stage_c_durability_while_sibling_blocked
    host_execution::tests::c2a3a_terminal_approval_required_plus_success
    host_execution::tests::c2a3a_terminal_denied_plus_success
    host_execution::tests::c2a3a_terminal_deterministic_result_independent_of_order
    host_execution::tests::c2a3a_terminal_g1_before_effect
    host_execution::tests::c2a3a_terminal_intent_before_effect
    host_execution::tests::c2a3a_terminal_panic_exact_uncertain
    host_execution::tests::c2a3a_terminal_replay_blocked_completed_failure
    host_execution::tests::c2a3a_terminal_replay_blocked_completed_success
    host_execution::tests::c2a3a_terminal_unattempted
    host_execution::tests::c2a3a_terminal_unavailable_plus_success
    host_execution::tests::c2a3a_terminal_uncertain
    host_execution::tests::c2a3a_trail_physical_order_a_before_b
    host_execution::tests::c2a3a_trail_physical_order_b_before_a
    host_execution::tests::c2a3a_worker_panic_yields_uncertain_non_success_join
    host_execution::tests::c3_a1_full_width_preserves_full_overlap
    host_execution::tests::c3_a1_n1_limits_active_invocations_to_at_most_one
    host_execution::tests::c3_a1_n2_limits_active_invocations_to_at_most_two_and_reaches_two
    host_execution::tests::c3_a2_next_slot_launches_earliest_semantic_waiter
    host_execution::tests::c3_a2_queue_wait_does_not_consume_provider_timeout
    host_execution::tests::c3_a2_queued_member_replay_order_is_g0_wait_g1_g2
    host_execution::tests::c3_a2_waiting_member_has_g0_without_g1_or_provider_effect
    host_execution::tests::c3_a3_all_terminal_preserves_group_join
    host_execution::tests::c3_a3_g1_failure_halts_before_any_later_effect_without_join
    host_execution::tests::c3_a3_g2_failure_halts_queued_effects_without_join
    host_execution::tests::c3_a3_n2_active_sibling_survives_fatal_halt_truthfully
    host_execution::tests::c3_a3_normal_provider_failure_releases_slot_and_joins
    host_execution::tests::c3_a3_outcome_durability_failure_halts_queued_effects_without_join
    host_execution::tests::c3_a3_worker_panic_terminalises_uncertain_and_releases_slot
    host_execution::tests::c3_a4_default_two_controls_real_group_execution
    host_execution::tests::c3_a4_explicit_one_controls_real_group_execution
    host_execution::tests::c3_v1_n1_group_of_five_proves_bound_and_full_terminalisation
    host_execution::tests::c3_v1_n2_group_of_five_proves_bound_reached_and_full_terminalisation
    host_execution::tests::c4_fast_failure_releases_slot_while_slow_sibling_runs
    host_execution::tests::c4_g1_failure_halts_queue_but_active_sibling_finishes_truthfully
    host_execution::tests::c4_g2_failure_halts_queue_but_active_sibling_finishes_truthfully
    host_execution::tests::c4_inverse_completion_preserves_semantic_first_failure
    host_execution::tests::c4_outcome_durability_failure_does_not_contaminate_active_sibling
    host_execution::tests::c4_repeated_inverse_completion_has_no_state_leak
    host_execution::tests::c4_same_provider_overlap_and_inverse_completion_preserves_semantic_order
    host_execution::tests::c4_worker_panic_under_n2_pressure_releases_slot
    host_execution::tests::core9b_t12_real_rust_built_cross_language_e2e
    host_execution::tests::core9b_t13_builder_wrong_event_not_matched
    host_execution::tests::core9b_t14_builder_occurrence_identity
    host_execution::tests::core9c_t16_wrong_event_never_dispatches
    host_execution::tests::core9c_t17_missing_core_environment_fails_closed_without_dispatch
    host_execution::tests::j13b_one_retained_provider_serves_multiple_calls_with_monotonic_ids
    host_execution::tests::p2_guarded_together_rejection_precedes_g1_and_provider
    installation_execution::lock_tests::j24k2_lock_acquire_and_release
    installation_execution::lock_tests::j24k2_lock_busy_from_another_thread
    installation_execution::lock_tests::j24k2_lock_child_cannot_inherit_lock_handle
    installation_execution::lock_tests::j24k2_lock_preexisting_empty_anchor_accepted
    installation_execution::lock_tests::j24k2_lock_raii_unwind_releases_lock
    installation_execution::lock_tests::j24k2_lock_release_after_drop_allows_reacquisition
    installation_execution::lock_tests::j24k2_lock_second_acquisition_fails_busy
    installation_execution_tests::j24k2_complete_state_is_idempotent_and_mutation_free
    installation_execution_tests::j24k3f_complete_returns_already_complete_no_mutation
    installation_execution_tests::j24k3f_destination_and_record_exist_recovery_idle
    installation_execution_tests::j24k3f_global_untracked_destination_blocks_publication_pre_intent_lock_released
    installation_execution_tests::j24k3f_intent_store_rooted_under_executor_state
    installation_execution_tests::j24k3f_no_intent_under_wrong_paths
    installation_execution_tests::j24k3f_no_second_action_executed
    installation_execution_tests::j24k3f_publication_advances_to_complete
    installation_execution_tests::j24k3f_returned_plans_and_outcome_exact
    installation_execution_tests::j24k3f_second_lock_returns_installation_busy
    installation_execution_tests::j24k3f_test_only_post_intent_failure_is_recoverable_and_publishes_once
    installation_publication_mutation_tests::j24k3e2_completed_publication_classifies_completed_then_idle
    installation_publication_mutation_tests::j24k3e2_destination_plus_matching_record_removes_only_intent
    installation_publication_mutation_tests::j24k3e2_destination_without_record_publishes_exact_record_once
    installation_publication_mutation_tests::j24k3e2_exact_staging_files_lengths_hashes_and_read_only
    installation_publication_mutation_tests::j24k3e2_existing_destination_is_not_overwritten_or_adopted
    installation_publication_mutation_tests::j24k3e2_existing_staging_is_not_overwritten_or_adopted
    installation_publication_mutation_tests::j24k3e2_final_destination_reverified_before_publication
    installation_publication_mutation_tests::j24k3e2_intent_only_prefix_is_recoverable_to_idle
    installation_publication_mutation_tests::j24k3e2_intent_plus_staging_prefix_is_recoverable_to_idle
    installation_publication_mutation_tests::j24k3e2_mismatched_destination_fails_closed
    installation_publication_mutation_tests::j24k3e2_mismatched_record_fails_closed
    installation_publication_mutation_tests::j24k3e2_non_idle_recovery_creates_no_new_state
    installation_publication_mutation_tests::j24k3e2_persisted_intent_equals_prepared_before_later_steps
    installation_publication_mutation_tests::j24k3e2_publication_refuses_duplicate_installed_release
    installation_publication_mutation_tests::j24k3e2_publication_refuses_mismatched_record_digest
    installation_publication_mutation_tests::j24k3e2_publication_retains_original_uuid_and_timestamp
    installation_publication_mutation_tests::j24k3e2_quarantine_byte_drift_is_refused_before_intent
    installation_publication_mutation_tests::j24k3e2_record_without_destination_fails_closed
    installation_publication_mutation_tests::j24k3e2_rename_uses_exact_prepared_destination
    installation_publication_mutation_tests::j24k3e2_returned_and_published_record_equal_prepared
    installation_publication_mutation_tests::j24k3e2_same_transaction_cannot_duplicate_publication
    installation_publication_mutation_tests::j24k3e2_stale_evidence_before_mutation_creates_no_intent
    installation_publication_mutation_tests::j24k3e2_success_leaves_idle_recovery_no_intent_no_staging
    installation_publication_mutation_tests::j24k3e2_valid_prepared_publication_completes_exactly_once
    installation_publication_preparation_tests::j24k3e1_authoritative_plan_changed_after_before_plan_is_refused
    installation_publication_preparation_tests::j24k3e1_created_time_is_nonzero_and_frozen_through_validation
    installation_publication_preparation_tests::j24k3e1_destination_is_exactly_plug_installed_id
    installation_publication_preparation_tests::j24k3e1_digests_remain_stable_under_repeated_validation
    installation_publication_preparation_tests::j24k3e1_disabled_bindings_match_candidate_capabilities_in_accepted_order
    installation_publication_preparation_tests::j24k3e1_drifted_approval_evidence_is_refused
    installation_publication_preparation_tests::j24k3e1_drifted_conformance_evidence_is_refused
    installation_publication_preparation_tests::j24k3e1_drifted_launch_profile_is_refused
    installation_publication_preparation_tests::j24k3e1_duplicate_installed_release_is_refused
    installation_publication_preparation_tests::j24k3e1_forged_before_plan_pins_are_refused_without_mutation
    installation_publication_preparation_tests::j24k3e1_forged_installed_pins_are_refused_without_mutation
    installation_publication_preparation_tests::j24k3e1_global_untracked_final_destination_blocks_preparation
    installation_publication_preparation_tests::j24k3e1_independent_preparations_differ_in_identity_but_both_stay_read_only
    installation_publication_preparation_tests::j24k3e1_intent_record_and_destination_identity_agree
    installation_publication_preparation_tests::j24k3e1_malformed_intent_blocks_preparation_and_is_retained
    installation_publication_preparation_tests::j24k3e1_missing_candidate_is_refused
    installation_publication_preparation_tests::j24k3e1_missing_exact_trust_is_refused
    installation_publication_preparation_tests::j24k3e1_no_intent_staging_destination_or_record_is_created
    installation_publication_preparation_tests::j24k3e1_non_publication_action_is_refused_without_mutation
    installation_publication_preparation_tests::j24k3e1_pending_recovery_intent_blocks_preparation_and_is_retained
    installation_publication_preparation_tests::j24k3e1_prepared_installed_id_is_canonical_lowercase_uuid
    installation_publication_preparation_tests::j24k3e1_publication_ready_evidence_produces_sealed_prepared_value
    installation_publication_preparation_tests::j24k3e1_quarantine_byte_drift_is_refused
    installation_publication_preparation_tests::j24k3e1_record_fields_exactly_match_pinned_evidence
    installation_publication_preparation_tests::j24k3e1_staging_recovery_conflict_is_not_cleaned_or_adopted
    installation_publication_preparation_tests::j24k3e1_stale_before_plan_identity_is_refused_without_mutation
    installation_publication_preparation_tests::j24k3e1_successful_preparation_leaves_all_durable_roots_unchanged
    installation_publication_preparation_tests::j24k3e1_torn_intent_state_blocks_preparation_and_is_retained
    installation_publication_preparation_tests::j24k3e1_unsafe_intent_root_preserves_unsafe_store_path
    installation_publication_preparation_tests::j24k3e1_wrong_before_plan_action_is_refused_without_mutation
    installation_recovery_evidence_tests::j24k3c3_approval_candidate_drift_fails_stale
    installation_recovery_evidence_tests::j24k3c3_approval_conformance_drift_fails_stale
    installation_recovery_evidence_tests::j24k3c3_approval_launch_drift_fails_stale
    installation_recovery_evidence_tests::j24k3c3_approval_payload_drift_fails_stale
    installation_recovery_evidence_tests::j24k3c3_approval_provider_drift_fails_stale
    installation_recovery_evidence_tests::j24k3c3_approval_reviewed_capability_drift_fails_stale
    installation_recovery_evidence_tests::j24k3c3_approval_trust_drift_fails_stale
    installation_recovery_evidence_tests::j24k3c3_candidate_mismatch_fails_stale
    installation_recovery_evidence_tests::j24k3c3_candidate_stale_launch_profile_fails_stale
    installation_recovery_evidence_tests::j24k3c3_changed_exact_trust_record_fails_stale
    installation_recovery_evidence_tests::j24k3c3_changed_scope_digest_fails_stale
    installation_recovery_evidence_tests::j24k3c3_changed_scope_schema_with_valid_digest_fails_stale
    installation_recovery_evidence_tests::j24k3c3_differently_authorised_trust_fails_stale
    installation_recovery_evidence_tests::j24k3c3_digest_mismatched_approval_fails_stale
    installation_recovery_evidence_tests::j24k3c3_disabled_target_state_passes_validation
    installation_recovery_evidence_tests::j24k3c3_exact_candidate_trust_scope_passes_validation
    installation_recovery_evidence_tests::j24k3c3_genuine_io_failure_maps_to_recovery_io
    installation_recovery_evidence_tests::j24k3c3_installed_record_approval_drift_fails_stale
    installation_recovery_evidence_tests::j24k3c3_installed_record_architecture_drift_fails_stale
    installation_recovery_evidence_tests::j24k3c3_installed_record_capability_drift_fails_stale
    installation_recovery_evidence_tests::j24k3c3_installed_record_conformance_drift_fails_stale
    installation_recovery_evidence_tests::j24k3c3_installed_record_disabled_binding_drift_fails_stale
    installation_recovery_evidence_tests::j24k3c3_installed_record_launch_drift_fails_stale
    installation_recovery_evidence_tests::j24k3c3_installed_record_package_drift_fails_stale
    installation_recovery_evidence_tests::j24k3c3_installed_record_physical_evidence_drift_fails_stale
    installation_recovery_evidence_tests::j24k3c3_installed_record_platform_drift_fails_stale
    installation_recovery_evidence_tests::j24k3c3_installed_record_provider_drift_fails_stale
    installation_recovery_evidence_tests::j24k3c3_installed_record_trust_drift_fails_stale
    installation_recovery_evidence_tests::j24k3c3_invalid_intent_rejected_before_request_or_store
    installation_recovery_evidence_tests::j24k3c3_invalid_schema_fails_stale
    installation_recovery_evidence_tests::j24k3c3_mismatched_launch_profile_digest_fails_stale
    installation_recovery_evidence_tests::j24k3c3_missing_approval_fails_stale
    installation_recovery_evidence_tests::j24k3c3_missing_candidate_fails_stale
    installation_recovery_evidence_tests::j24k3c3_missing_conformance_fails_stale
    installation_recovery_evidence_tests::j24k3c3_missing_exact_trust_fails_stale
    installation_recovery_evidence_tests::j24k3c3_missing_launch_profile_fails_stale
    installation_recovery_evidence_tests::j24k3c3_missing_non_isolated_consent_fails_stale
    installation_recovery_evidence_tests::j24k3c3_non_passed_conformance_fails_stale
    installation_recovery_evidence_tests::j24k3c3_old_suite_conformance_fails_stale
    installation_recovery_evidence_tests::j24k3c3_quarantined_byte_mutation_fails_stale
    installation_recovery_evidence_tests::j24k3c3_reconstructed_trust_must_equal_intent_trust_evidence
    installation_recovery_evidence_tests::j24k3c3_scope_schema_match_passes_recovery
    installation_recovery_evidence_tests::j24k3c3_success_leaves_stores_quarantine_and_permissions_unchanged
    installation_recovery_evidence_tests::j24k3c3_tampered_candidate_record_fails_stale
    installation_recovery_evidence_tests::j24k3c3_unrelated_evidence_does_not_satisfy_pinned_records
    installation_recovery_evidence_tests::j24k3c3_valid_chain_passes
    installation_recovery_execution_tests::j24k3d2_completed_publication_removes_only_intent
    installation_recovery_execution_tests::j24k3d2_destination_only_publishes_exact_record_then_returns_idle
    installation_recovery_execution_tests::j24k3d2_destination_publication_requires_completed_replan
    installation_recovery_execution_tests::j24k3d2_exact_record_publication_preserves_all_record_fields
    installation_recovery_execution_tests::j24k3d2_record_conflict_retains_intent_and_destination
    installation_recovery_execution_tests::j24k3d2_recovery_never_adopts_or_deletes_final_destination
    installation_recovery_execution_tests::j24k3d2_stale_destination_prevents_publication_and_retains_intent
    installation_recovery_execution_tests::j24k3d2_unrelated_stores_remain_unchanged
    installation_recovery_plan_tests::j24k3d1_completed_publication_returns_verify_then_remove_intent
    installation_recovery_plan_tests::j24k3d1_completed_publication_still_requires_evidence_and_destination
    installation_recovery_plan_tests::j24k3d1_completed_with_stale_installed_record_fails_evidence_stale
    installation_recovery_plan_tests::j24k3d1_destination_digest_drift_fails_recovery_conflict
    installation_recovery_plan_tests::j24k3d1_destination_file_set_drift_fails_recovery_conflict
    installation_recovery_plan_tests::j24k3d1_destination_only_with_evidence_returns_revalidate_then_publish
    installation_recovery_plan_tests::j24k3d1_destination_permission_drift_fails_recovery_conflict
    installation_recovery_plan_tests::j24k3d1_destination_size_drift_fails_recovery_conflict
    installation_recovery_plan_tests::j24k3d1_destination_symlink_is_rejected_at_planner_entry
    installation_recovery_plan_tests::j24k3d1_record_root_symlink_is_rejected_at_planner_entry
    installation_recovery_plan_tests::j24k3d1_removed_open_install_root_returns_recovery_io
    installation_recovery_plan_tests::j24k3d1_stale_approval_pin_fails_evidence_stale
    installation_recovery_plan_tests::j24k3d1_stale_candidate_pin_fails_evidence_stale
    installation_recovery_plan_tests::j24k3d1_stale_conformance_pin_fails_evidence_stale
    installation_recovery_plan_tests::j24k3d1_stale_launch_pin_fails_evidence_stale
    installation_recovery_plan_tests::j24k3d1_stale_request_pin_fails_evidence_stale
    installation_recovery_plan_tests::j24k3d1_stale_trust_pin_fails_evidence_stale
    installation_recovery_plan_tests::j24k3d1_successful_planning_route_is_read_only
    installation_recovery_plan_tests::j24k3d1_untracked_sibling_destination_fails
    plug_command::tests::j24f_relative_stage_paths_are_rejected_before_service_call
    plug_install_command::tests::j24l2_missing_host_data_root_returns_unavailable
    plug_install_command::tests::j24l2_relative_request_path_returns_error_creates_nothing
    plug_pack::tests::p2a_refuses_wrong_extension
    runtime_config::tests::j12_packet1_absolute_manifest_path_rejected
    runtime_config::tests::j12_packet1_absolute_source_path_rejected
    stdio_provider::tests::admitted_fixture_resolves_only_when_host_reports_it_available
    stdio_provider::tests::duplicate_tool_fails_closed
    stdio_provider::tests::incompatible_protocol_version_fails_closed
    stdio_provider::tests::initialization_error_fails_closed
    stdio_provider::tests::j13b_live_tools_list_schema_mismatch_is_not_admitted_available
    stdio_provider::tests::j13b_provider_is_unavailable_without_matching_live_discovery_evidence
    stdio_provider::tests::malformed_json_rpc_fails_closed
    stdio_provider::tests::missing_tool_fails_closed
    stdio_provider::tests::output_schema_mismatch_fails_closed
    stdio_provider::tests::provider_description_cannot_rewrite_trusted_manifest
    stdio_provider::tests::real_mcp_discovery_admits_only_host_owned_manifest
    stdio_provider::tests::server_name_mismatch_fails_closed
    stdio_provider::tests::wrong_tool_name_fails_closed
    trail_command::tests::j13c_missing_trail_file_maps_to_not_found
    validation::tests::r1c_nonexistent_directory_refused

test result: FAILED. 1258 passed; 245 failed; 4 ignored; 0 measured; 0 filtered out; finished in 18.78s

error: test failed, to rerun pass `--lib`
